Persona ID;Imagen;birdCall;blueSunglasses;brownDie;cactusPaper;canadaPencil;carabiner;cloudSign;cowbell;cupcakePaper;eyeball;foamDart;gClamp;giftBag;glassBead;gyroscope;hairClip;hairRoller;lavenderDie;legoBracelet;metalKey;miniCards;noisemaker;paperPlate;partyFavor;pinkCandle;pinkEraser;plaidPencil;pumpkinNotes;rainbowPens;redBow;redDart;redWhistle;rubiksCube;sign;silverStraw;spiderRing;stickerBox;trophy;turtle;vancouverCards;voiceRecorder;yellowBag;yellowBalloon
1;Person1_1.jpg;;;;;;;;;;;;;;;;;;;;;;noisemaker;;;;;;;;;;;;;;;;;;;;;
1;Person1_2.jpg;;;;;;;;;;;;;;;;;;;;;;;;;;;;;rainbowPens;;;;;;;;;;;;;;
1;Person1_3.jpg;;;;;;;;;;;;;;;;;;;;;;;;;;;;;;;;;;;;;;;;;;;
1;Person1_4.jpg;;;;;;;;;;;;;;;;;;;;;;;;;;;;;;;;;;;;;;;;;;;
1;Person1_5.jpg;;;;;;;;;;;;;;;;;;;;;;;;;;;;;;;;;;;;;;;;;;;
1;Person1_6.jpg;;;;;;;;;;;;;;;;;;;;;miniCards;;;;;;;;;;;;;;;;;;;;;;yellowBalloon
1;Person1_7.jpg;;;;;;;;;;;;;;;;;;;;;;;;;;;;;;;;;;;;;;;;;;;yellowBalloon
1;Person1_8.jpg;;;;;;;;;;;;;;;;;;;;;;;;;;;;;;;;;;;;;;trophy;;;;;
1;Person1_9.jpg;;;;;;;;;;;;;;;;;;;;;;;;;;;;;;;;;;;;;;trophy;;;;;
1;Person1_10.jpg;;;;;;;;;;;;;;;;;;;;;;;;;;;;;;;;;;;;;;;;vancouverCards;;;
1;Person1_11.jpg;;;;;;;;;;;;;;;;;;;;;;;;;;pinkEraser;;;;;;;;;;;;;;;;;
2;Person2_1.jpg;;;;;;;;;;;;;;;;;;lavenderDie;;;;noisemaker;;;;;;;;;;;;;;;;;;;;;yellowBalloon
2;Person2_2.jpg;;;;;;;;;;;;;;;;;;;;metalKey;;;;;;;;;;;;;;;;;;;;;;;
2;Person2_3.jpg;;blueSunglasses;brownDie;;;;;;;;;;;;;;;;;;;;;;;;;;;;;;;;;;;;;;;;
2;Person2_4.jpg;;;;;;;;;;;;;;;;;;;;;;noisemaker;;;;;;;;;;;;;;;;;;;;;
2;Person2_5.jpg;;;brownDie;;;;;;;;;;;;;;;lavenderDie;;metalKey;;;;;;;;;;;;;;;;spiderRing;;;;;;;
2;Person2_6.jpg;;blueSunglasses;brownDie;;;;;;;;;;;;;;;lavenderDie;;metalKey;;;;;;;;;;;;;;;;;;;;;;;yellowBalloon
2;Person2_7.jpg;;blueSunglasses;;;;;;;;;;;;;;;;;;;;noisemaker;;;;;;;;;;;;;;spiderRing;;;;;;;
2;Person2_8.jpg;;blueSunglasses;brownDie;;;;;;;;;;;;;;;lavenderDie;;metalKey;;;;;;;;;;;;;;;;spiderRing;;;;;;;
2;Person2_9.jpg;;;;;;;;;;;;;;;;;;lavenderDie;;;;;;;;;;;;;;;;;;;;;;;;;
2;Person2_10.jpg;;blueSunglasses;;;;;;;;;;;;;;;;;;metalKey;;;;;;;;;;;;;;;;spiderRing;;;;;;;
2;Person2_11.jpg;;blueSunglasses;brownDie;;;;;;;;;;;;;;;lavenderDie;;;;noisemaker;;;;;;;;;;;;;;;;;;;;;
2;Person2_12.jpg;;blueSunglasses;brownDie;;;;;;;;;;;;;;;lavenderDie;;metalKey;;noisemaker;;;;;;;;;;;;;;spiderRing;;;;;;;yellowBalloon
2;Person2_13.jpg;;;;;;;;;;;;;;;;;;;;;;noisemaker;;;;;;;;;;;;;;;;;;;;;yellowBalloon
2;Person2_14.jpg;;blueSunglasses;;;;;;;;;;;;;;;;;;;;;;;;;;;;;;;;;;spiderRing;;;;;;;
2;Person2_15.jpg;;blueSunglasses;brownDie;;;;;;;;;;;;;;;;;metalKey;;noisemaker;;;;;;;;;;;;;;spiderRing;;;;;;;
3;Person3_1.jpg;;;;;;;;;;;;;;glassBead;;;;;;;;;;;;;;;;;;;;;;;;;;;;;yellowBalloon
3;Person3_2.jpg;;;;;;;;;;;;;;glassBead;;;;;;;;;;;;;;;;;;;;;;;;;;;;;yellowBalloon
3;Person3_3.jpg;;;;;;;;;;;;;;glassBead;;;;;;;;;;;;;;;;;;;;;;;;;;;;;
3;Person3_4.jpg;;;;;;;;;;;;;;glassBead;;;;;;;;;;;;;;;;;;;;;;;;;;;;;
3;Person3_5.jpg;;;;;;;;;;;;;;glassBead;;;;;;;;;;;;;;;;;;;;;;;;;;;;;
3;Person3_6.jpg;;;;;;;;cowbell;;;;;;;;;;;;;;;;;;;;;;;;;;;;;;;;;;;
3;Person3_7.jpg;;;;;;;;;;;;;;;;;;;;;;;;;;;;pumpkinNotes;rainbowPens;;;;;;;;;;;;;;
3;Person3_8.jpg;;;;;;;;;;;;;;;;;;;;;;;;;;;;pumpkinNotes;rainbowPens;;;;;;;;;;;;;;
3;Person3_9.jpg;;;;;;;;;;;;;;;;;;;;;;;;;;;;pumpkinNotes;rainbowPens;;;;;;;;;;;;;;
3;Person3_10.jpg;;;;;;;;;;;;;;;;;;;;;;;;;;;;;rainbowPens;;;;;;;;;;;;;;
3;Person3_11.jpg;;;;;;;;;;;;;giftBag;glassBead;;;;;;;;;;;;;;;rainbowPens;;;;;;;;;;;;;;
3;Person3_12.jpg;;;;;;;;;;;;;giftBag;;;;;;;;;;;;;;;;;;;;;;;;;;;;;;
3;Person3_13.jpg;;;;;;;;cowbell;;;;;;glassBead;;;;;;;;;;;;;;;;;;;;;;;;;;;;;yellowBalloon
3;Person3_14.jpg;;;;;;;;;;;;;;;;;;;;;;;;;;;;pumpkinNotes;rainbowPens;;;;;;;;;;;;;;yellowBalloon
3;Person3_15.jpg;;;;;;;;;;;;;;;;;;;;;;;;;;;;pumpkinNotes;rainbowPens;;;;;;;;;;;;;;
3;Person3_16.jpg;;;;;;;;;;;;;;;;;;;;;;;;;;;;pumpkinNotes;rainbowPens;;;;;;;;;;;;;;
3;Person3_17.jpg;;;;;;;;;;;;;;;;;;;;;;;;;;;;;;;;;;;;;;;;;;;yellowBalloon
3;Person3_18.jpg;;;;;;;;;;;;;;;;;;;;;;;;;;;;;;;;;;;;;;;;;;;yellowBalloon
3;Person3_19.jpg;;;;;;;;;;;;;;;;;;;;;;;;;;;;;;;;;;;;;;;;;;;yellowBalloon
3;Person3_20.jpg;;;;;;;;;;;;;;;;;;;;;;;;;;;;;;;;;;;;;;;;;;;yellowBalloon
3;Person3_21.jpg;;;;;;;;;;;;;;;;;;;;;;;;;;;;;;;;;;;;;;;;;;;yellowBalloon
3;Person3_22.jpg;;;;;;;;;;;;;;;;;;;;;;;;;;;;;rainbowPens;;;;;;;;;;;;;;
3;Person3_23.jpg;;;;;;;;cowbell;;;;;;;;;;;;;;;;;;;;pumpkinNotes;rainbowPens;;;;;;;;;;;;;;
3;Person3_24.jpg;;;;;;;;;;;;;giftBag;;;;;;;;;;;;;;;;rainbowPens;;;;;;;;;;;;;;
3;Person3_25.jpg;;;;;;;;;;;;;;;;;;;;;;;;;;;;;;;;;;;;;;;;;;;
4;Person4_1.jpg;;;;;;;;;;;;;;;;;;;;;;;;;;;;;;;;;;;;;;;;;;;
4;Person4_2.jpg;;;;;;;;;;;;;;;;;;;;;;;;;;;;;;;;;rubiksCube;;;;;;;;;;
4;Person4_3.jpg;;;;;;;;;;;;;;;;;;;;;;;;;;;;;;;;;;;;;;;;;;;
4;Person4_4.jpg;;;;;;;;;;;;;;;;hairClip;;;;;;;;;;;;;;;;;;;;;;;;;;;
4;Person4_5.jpg;;;;;;;;;;;;;;;;hairClip;;;;;;;;;;;;;;;;;;;;;;;;;;;
4;Person4_6.jpg;;;;;;;;;cupcakePaper;;;;;;;;;;;;;;;;;;;;;;;;;;;;;;;;;;
4;Person4_7.jpg;;;;;;;;;cupcakePaper;;;;;;;;;;;;;;;;;;;;;;;;;;;;;;;;;;
4;Person4_8.jpg;;;;;;;;;;;;;;;;;;;;;;;;;;;;;;;;;;;;;;;;;;;yellowBalloon
4;Person4_9.jpg;;;;;;;;;;;;;;;;;;;;;;;;;;;;;;;;;;;;;;;;;;;yellowBalloon
4;Person4_10.jpg;;;;;;;;;;;;;;;;;;;;;miniCards;;;;;;;;;;;;;;;;;;;;;;
4;Person4_11.jpg;;;;;;;;;;;;;;;;;;;;;miniCards;;;;;;;;;;;;;;;;;;;;;;
4;Person4_12.jpg;;;;;canadaPencil;;;;;;;;;;;;;;;;;;;;;;;;;;;;;;;;;;;;;;
4;Person4_13.jpg;;;;;canadaPencil;;;;;;;;;;;;;;;;;;;;;;;;;;;;;;;;;;;;;;
4;Person4_14.jpg;;;;;;;;;;;;;;;;;;;;;miniCards;;;;;;;;;;;;rubiksCube;;;;;;;;;;
4;Person4_15.jpg;;;;;canadaPencil;;;;;;;;;;;;;;;;;;;;;;;;;;;;;;;;;;;;;;
4;Person4_16.jpg;;;;;;;;;cupcakePaper;;;;;;;;;;;;;;;;;;;;;;;;;;;;;;;;;;
4;Person4_17.jpg;;;;;;;;;;;;;;;;;;;;;;;;;;;;;;;;;;;;;;;;;;;yellowBalloon
4;Person4_18.jpg;;;;;;;;;;;;;;;;;;lavenderDie;;;miniCards;;;;;;;;;;;;rubiksCube;;;;;;;;;;
4;Person4_19.jpg;;;;;canadaPencil;;;;cupcakePaper; ; ;;;;;hairClip;;;;;miniCards;;;;;;plaidPencil;;;;;;rubiksCube;;;;;;;;;;yellowBalloon
4;Person4_20.jpg;;;;;canadaPencil;;;;;;;;;;;;;;;;;;;;;;plaidPencil;;;;;;;;;;;;;;;;
4;Person4_21.jpg;;;;;canadaPencil;;;;;;;;;;;;;;;;;;;;;;plaidPencil;;;;;;;;;;;;;;;;
4;Person4_22.jpg;;;;;;;;;;;;;;;;;;;;;;;;;;;plaidPencil;;;;;;;;;;;;;;;;
4;Person4_23.jpg;;;;;canadaPencil;;;;;;;;;;;;;;;;;;;;;;;;;;;;;;;;;;;;;;
4;Person4_24.jpg;;;;;canadaPencil;;;;;;;;;;;;;;;;;;;;;;plaidPencil;;;;;;;;;;;;;;;;
4;Person4_25.jpg;;;;;;;;;;;;;;;;;;;;;;;;;;;plaidPencil;;;;;;;;;;;;;;;;
5;Person5_1.jpg;;;;;;;;;;eyeball;;;;;;;;;;;;;;;;;;;;;;;;;;;;;;;;;
5;Person5_2.jpg;;;;;;;;;;eyeball;;;;;;;;;;;;;;;;;;;;;;;;sign;;;;;;;;;
5;Person5_3.jpg;;;;;;;;;;eyeball;;;;;;;;;legoBracelet;;;;;;;;;;;;;;;sign;;;;;;;;;
5;Person5_4.jpg;;;;;;;;;;eyeball;;;;;;;;;legoBracelet;;;;;;;pinkEraser;;;;;;;;;;;;;;;;;
5;Person5_5.jpg;;;;;;;;;;;;;;;;;;;legoBracelet;;;;;;;pinkEraser;;;;;;redWhistle;;;;;;;;;;;
5;Person5_6.jpg;;;;;;;;;;;;;;;;;;;legoBracelet;;;;;;;pinkEraser;;;;;;redWhistle;;;;;stickerBox;;;;;;
5;Person5_7.jpg;;;;;;;;;;eyeballl;;;;;;;;;;;;;;;;;;;;;;;;sign;;;;;;;;;
5;Person5_8.jpg;;;;;;;;;;eyeballl;;;;;;;;;legoBracelet;;;;;;;pinkEraser;;;;;;;;;;;;;;;;;
5;Person5_9.jpg;;;;;;;;;;;;;;;;;;;;;;;;;;;;;;;;;;;;;;;;;;;
5;Person5_10.jpg;;;;;;;;;;;;;;;;;;;;;;;;;;;;;;;;;;;;;stickerBox;;;;;;
5;Person5_11.jpg;;;;;;;;;;;;;;;;;;;;;;;;;;;;;;;;;;;;;stickerBox;;;;;;
5;Person5_12.jpg;;;;;;;;;;;;;;;;;;;;;;;;;;;;;;;;redWhistle;;;;;stickerBox;;;;;;
5;Person5_13.jpg;;;;;;;;;;;;;;;;;;;legoBracelet;;;;;;;;;;;;;redWhistle;;;;;stickerBox;;;;;;
5;Person5_14.jpg;;;;;;;;;;;;;;;;;;;;;;;;;;;;;;;;;;;;;stickerBox;;;;;;
5;Person5_15.jpg;;;;;;;;;;;;;;;;;;;;;;;;;;;;;;;;;;;;;stickerBox;;;;;;
5;Person5_16.jpg;;;;;;;;;;;;;;;;;;;;;;;;;;;;;;;;;;sign;;;;;;;;;
5;Person5_17.jpg;;;;;;;;;;;;;;;;;;;;;;;;;;pinkEraser;;;;;;;;sign;;;;;;;;;
5;Person5_18.jpg;;;;;;;;;;eyeball;;;;;;;;;legoBracelet;;;;;;;;;;;;;;;;;;;;;;;;
5;Person5_19.jpg;;;;;;;;;;;;;;;;;;;;;;;;;;;;;;;;;;;;;;;;;;;yellowBalloon
5;Person5_20.jpg;;;;;;;;;;;;;;;;;;;;;;;;;;;;;;;;;;;;;stickerBox;;;;;;
5;Person5_21.jpg;;;;;;;;;;;;;;;;;;;;;;;;;;pinkEraser;;;;;;;;;;;;;;;;;
5;Person5_22.jpg;;;;;;;;;;;;;;;;;;;legoBracelet;;;;;;;;;;;;;;;;;;;;;;;;yellowBalloon
5;Person5_23.jpg;;;;;;;;;;;;;;;;;;;legoBracelet;;;;;;;;;;;;;;;;;;;;;;;;
5;Person5_24.jpg;;;;;;;;;;;;;;;;;;;;;;;;;;;;;;;;redWhistle;;;;;;;;;;;
5;Person5_25.jpg;;;;;;;;;;eyeball;;;;;;;;;;;;;;;;;;;;;;redWhistle;;;;;;;;;;;
5;Person5_26.jpg;;;;;;;;;;;;;;;;;;;;;;;;;;pinkEraser;;;;;;;;;;;;;;;;;
5;Person5_27.jpg;;;;;;;;;;;;;;;;;;;;;;;;;;pinkEraser;;;;;;;;;;;;;;;;;
5;Person5_28.jpg;;;;;;;;;;eyeball;;;;;;;;;;;;;;;;;;;;;;;;;;;;;;;;;
5;Person5_29.jpg;;;;;;;;;;eyeball;;;;;;;;;;;;;;;;;;;;;;;;sign;;;;;;;;;
5;Person5_30.jpg;;;;;;;;;;eyeball;;;;;;;;;;;;;;;;;;;;;;;;sign;;;stickerBox;;;;;;
5;Person5_31.jpg;;;;;;;;;;eyeball;;;;;;;;;;;;;;;;;;;;;;;;;;;;;;;;;
5;Person5_32.jpg;;;;;;;;;;;;;;;;;;;;;;;;;;;;;;;;;;;;;;;;;;;yellowBalloon
5;Person5_33.jpg;;;;;;;;;;;;;;;;;;;;;;;;;;;;;;;;;;;;;;;;;;;yellowBalloon
5;Person5_34.jpg;;;;;;;;;;;;;;;;;;;;;;;;;;;;;;;;;;;;;;;;;;;
5;Person5_35.jpg;;;;;;;;;;eyeball;;;;;;;;;;;;;;;;pinkEraser;;;;;;;;sign;;;stickerBox;;;;;;
5;Person5_36.jpg;;;;;;;;;;eyeball;;;;;;;;;legoBracelet;;;;;;;;;;;;;;;;;;;;;;;;
5;Person5_37.jpg;;;;;;;;;;eyeball;;;;;;;;;legoBracelet;;;;;;;;;;;;;;;;;;;;;;;;
5;Person5_38.jpg;;;;;;;;;;;;;;;;;;;;;;;;;;pinkEraser;;;;;;redWhistle;;;;;;;;;;;
5;Person5_39.jpg;;;;;;;;;;;;;;;;;;;;;;;;;;pinkEraser;;;;;;;;;;;;;;;;;
5;Person5_40.jpg;;;;;;;;;;eyeball;;;;;;;;;;;;;;;;;;;;;;;;;;;;;;;;;
5;Person5_41.jpg;;;;;;;;;;eyeball;;;;;;;;;legoBracelet;;;;;;;pinkEraser;;;;;;;;;;;;;;;;;
5;Person5_42.jpg;;;;;;;;;;eyeball;;;;;;;;;legoBracelet;;;;;;;pinkEraser;;;;;;redWhistle;;;;;;;;;;;
5;Person5_43.jpg;;;;;;;;;;eyeball;;;;;;;;;legoBracelet;;;;;;;;;;;;;;;;;;stickerBox;;;;;;
6;Person6_1.jpg;;;;;;;;;;;;;;;;;;lavenderDie;;;miniCards;;;;;;;;;;;;rubiksCube;;;;;;;;;;
6;Person6_2.jpg;;;;;;;;;;;foamDart;;;;;;;;;;;;;;;;;;;;;;;;;;;;;;;;
6;Person6_3.jpg;;;;;;;;;;;foamDart;;;;;;;;;;;;;;;;;;;;;;;;;;;;;;;;
6;Person6_4.jpg;;;;;;;;;;;;;;;;;;;;;;;;;;;;;;redBow;;;;;;;;;;;;;
6;Person6_5.jpg;;;;;;;;;;;foamDart;;;;;;;;;;;;;;;;;;;;;;;;;;;;;;;;
6;Person6_6.jpg;;;;;;;;;;;foamDart;;;;;;;;;;;;;;;;;;;;;;;;;;;;;;;;
6;Person6_7.jpg;;;;;;;;;;;foamDart;;;;;;;;;;;;;;;;;;;;;;;;;;;;;;;;
6;Person6_8.jpg;;;;;;;;;;;;;;;;;;;;;;;;;;;;;;;;;;;;;;;;;;yellowBag;
6;Person6_9.jpg;;;;;;;;;;;;;;;;;;;;;;;;;;;;;;;;;;;;;;;;;;yellowBag;
6;Person6_10.jpg;;;;;;;;;;;;;;;;;;;;;;;;;;;;;;;;;;;;;;;;;;yellowBag;
6;Person6_11.jpg;;;;;;;;;;;;;;;;;;;;;;;;;;;;;;redBow;;;;;;;;;;;;;
6;Person6_12.jpg;;;;;;;;;;;;;;;;;;;;;;;;;;;;;;;;;;;silverStraw;;;;;;;;
6;Person6_13.jpg;;;;;;;;;;;;;;;;;;;;;;;;;pinkCandle;;;;;;;;;;;;;;;;;;
6;Person6_14.jpg;;;;;;;;;;;;;;;;;;;;;;;;;pinkCandle;;;;;;;;;;;;;;;;;;
6;Person6_15.jpg;;;;;;;;;;;;;;;;;;;;;;;;;pinkCandle;;;;;;;;;;;;;;;;;;yellowBalloon
6;Person6_16.jpg;;;;;;;;;;;;;;;;;;;;;;;;;pinkCandle;;;;;;;;;;;;;;;;;;yellowBalloon
6;Person6_17.jpg;;;;;;;;;;;;;;;;;;;;;;;;;pinkCandle;;;;;;;;;;;;;;;;;;
6;Person6_18.jpg;;;;;;;;;;;;;;;;;;;;;;;;;;;;;;;;;;;;;;;;;;;
6;Person6_19.jpg;;;;;;;;;;;;;;;;;;;;;;;;;pinkCandle;;;;;;;;;;;;;;;;;;yellowBalloon
6;Person6_20.jpg;;;;;;;;;;;;;;;;;;;;;;;;;pinkCandle;;;;;;;;;;;;;;;;;;
6;Person6_21.jpg;;;;;;;;;;;;;;;;;;;;;;;;;;;;;;;;;;;;;;;;;;yellowBag;yellowBalloon
6;Person6_22.jpg;;;;;;;;;;;;;;;;;;;;;;;;;;;;;;;;;;;;;;;;;;;
6;Person6_23.jpg;;;;;;;;;;;;;;;;;;lavenderDie;;;;;;;;;;;;;;;;;;;;;;;;;
6;Person6_24.jpg;;;;;;;;;;;;;;;;;;;;;;;;;;;;;;redBow;;;;;;;;;;;;;
6;Person6_25.jpg;;;;;;;;;;;;;;;;;;;;;;;;;pinkCandle;;;;;;;;;;;;;;;;;;
6;Person6_26.jpg;;;;;;;;;;;;;;;;;;;;;;;;;pinkCandle;;;;;;;;;;;;;;;;;;
6;Person6_27.jpg;;;;;;;;;;;;;;;;;;lavenderDie;;;;;;;;;;;;;;;;;;;;;;;;;
6;Person6_28.jpg;;;;;;;;;;;;;;;;;;lavenderDie;;;;;;;;;;;;;;;;;;;;;;;;;
6;Person6_29.jpg;;;;;;;;;;;;;;;;;;lavenderDie;;;;;;;;;;;;;;;;;;;;;;;;;
6;Person6_30.jpg;;;;;;;;;;;;;;;;;;;;;;;;;;;;;;;;;;;;;;;;;;;
7;Person7_1.jpg;;;;cactusPaper;canadaPencil;;;;;;;;;;;;;;;;;;;;;;;;;;;;;;;;;;;;;;
7;Person7_2.jpg;;blueSunglasses;;;;;;;;;;;;;;;;;;;;;;;;;;;;;;;;;;;;;;;;;
7;Person7_3.jpg;;;brownDie;;;;;;;;;;;;;;;;;;;;;;;;;;;;;;;;;;;;;;;;
7;Person7_4.jpg;;;;;;;;;;;;;;;;;;;;;;;;;;;;;;;;;;;;;;trophy;;;;;
7;Person7_5.jpg;;blueSunglasses;;;;;;;;;;;;;;;;;;;;;;;;;;;;;;;;;;;;;;;;;
7;Person7_6.jpg;;;brownDie;;;;;;;;;;;;;;;;;;;;;;;;;;;;;;;;;;;;;;;;
7;Person7_7.jpg;;;;;;;;;;;;;;;;;;;;;;;paperPlate;;;;;;;;;;;;;;;;;;;;
7;Person7_8.jpg;;blueSunglasses;;;;;;;;;;;;;;;;;;;;;;;;;;;;;;;;;;;;;;;;;
7;Person7_9.jpg;;;;;;;;;;;;;;;;;;;;;;;;;;;;;;;;redWhistle;;;;;;trophy;;;;;
7;Person7_10.jpg;;;;;;;;;;;;;;;;;;;;;;;;;;;;;;;;redWhistle;;;;;;;;;;;
7;Person7_11.jpg;;;;;;;;;;;;;;;;;;;;;;;;;;;;;;;;;;;;;;;;;;;
7;Person7_12.jpg;;blueSunglasses;brownDie;cactusPaper;canadaPencil;;;;;;;;;;;;;;;;;;paperPlate;;;;;;;;;redWhistle;;;;;;trophy;;;;;
7;Person7_13.jpg;;;;;;;;;;;;;;;;;;;;;;;;;;;;;;;;;;;;;;trophy;;;;;
7;Person7_14.jpg;;;;;canadaPencil;;;;;;;;;;;;;;;;;;;;;;;;;;;;;;;;;trophy;;;;;
7;Person7_15.jpg;;;;;canadaPencil;;;;;;;;;;;;;;;;;;;;;;;;;;;;;;;;;;;;;;
7;Person7_16.jpg;;;brownDie;;;;;;;;;;;;;;;;;;;;;;;;;;;;;;;;;;;;;;;;
7;Person7_17.jpg;;;;;;;;;;;;;;;;;;;;;;;;;;;;;;;;redWhistle;;;;;;;;;;;
8;Person8_1.jpg;;;;;;;cloudSign;;;;;;;;;;;;;;;;;;;;;;;;;;;;;;;;;;;;
8;Person8_2.jpg;;;;;;;;;;;;;;;;;;;;;;;;;;;;;;;;;rubiksCube;;;;;;;;;;
8;Person8_3.jpg;;;;;;;;;;;;;;;;;;;;;;;;;;;;;;;;;;;;;;;;vancouverCards;;;
8;Person8_4.jpg;;;;;;;;;;;;;;;;;;;;;;;;;;;;;;;;;;;;;;;;;voiceRecorder;;
8;Person8_5.jpg;;;;;;;;;;;;;;;;;;;;;;;;;;;;;;;;;;;;;;;;;;;
8;Person8_6.jpg;;;;cactusPaper;;;;;;;;;;;;;;;;;;;;;;;;;;;;;;;;;;;;;;;
8;Person8_7.jpg;;;;;;;;;;;;;;;;;;;;;;;;;;;;;;;;;;;;;;;;;;;
8;Person8_8.jpg;;;;;;;;;;;;;;;;;;;;;;;;;;;;;;;;;;;;;;;;;;;
8;Person8_9.jpg;;;;;;;;;;;;;;;;;;;;metalKey;;;;;;;;;;;;;;;;;;;;;;;
9;Person9_1.jpg;;;;;;;;;;;;;;;;;;;;;;;;;;;;;;;;;;;;;stickerBox;;;;;;
9;Person9_2.jpg;;;;;;;;;;;;;;;;;;;;metalKey;;;;;;;;;;;;;;;;;;;;;;;
9;Person9_3.jpg;;;;;;;;;;;;;;;;;hairRoller;;;;;;;;;;;;;;;;;;;;;;;;;;
9;Person9_4.jpg;;;;;;;;;;;;;;;;;hairRoller;;;;;;;;pinkCandle;;;;;;;;;;;;;;;;;;
9;Person9_5.jpg;;;;;;;;;;;;;;;;;;;;;;;;;pinkCandle;;;;;;;;;;;;;;;;;;
9;Person9_6.jpg;;blueSunglasses;;;;;;;;;;;;;;;;;;;;;;;;;;;;;;;;;;;;;;;;;
9;Person9_7.jpg;;blueSunglasses;;;;;;;;;;;;;;;;;;;;;;;;;;;;;;;;;;;;;;;;;
9;Person9_8.jpg;;blueSunglasses;;;;;;;;;;;;;;;hairRoller;;;;;;;;;;;;;;;;;;;;;;;;;;
9;Person9_9.jpg;;blueSunglasses;;;;;;;;;;;;;;;;;;;;;;;;;;;;;;;;;;;;;;;;;
9;Person9_10.jpg;;blueSunglasses;;;;;;;;;;;;;;;;;;;;;;;;;;;;;;;;;;;;;;;;;
9;Person9_11.jpg;;;;;;;;;;;;;;;;;;;;;;;;;pinkCandle;;;;;;;;;;;;;;;;;;
9;Person9_12.jpg;;blueSunglasses;;;;;;;;;;;;;;;;;;;;;;;;;;;;;;;;;;;;;;;;;
9;Person9_13.jpg;;;;;;;;;;;;;;;;;;;;;;;;;;pinkEraser;;;;;;;;;;;;;;;;;
9;Person9_14.jpg;;;;;;;;;;;;;;;;;;;;;;;;;;pinkEraser;;;;;;;;;;;;;;;;;
9;Person9_15.jpg;;blueSunglasses;;;;;;;;;;;;;;;;;;;;;;;;;;;;;;;;;;;;;;;;;
9;Person9_16.jpg;;blueSunglasses;;;;;;;;;;;;;;;;;;;;;;;;;;;;;;;;;;;;;;;;;
9;Person9_17.jpg;;;;;;;;;;;;;;;;;hairRoller;;;;;;;;;;;;;;;;;;;;;;;;;;
9;Person9_18.jpg;;;;;;;;;;;;;;;;;hairRoller;;;;;;;;;;;;;;;;;;;;;;;;;;
9;Person9_19.jpg;;;;;;;;;;;;;;;;;hairRoller;;;;;;;;;;;;;;;;;;;;;;;;;;
9;Person9_20.jpg;;blueSunglasses;;;;;;;;;;;;;;;hairRoller;;;;;;;;;;;;;;;;;;;;;;;;;;
9;Person9_21.jpg;;;;cactusPaper;;;;;;;;;;;;;;;;;;;;;;;;;;;;;;;;;;;;;;;
9;Person9_22.jpg;;;;cactusPaper;;;;;;;;;;;;;;;;;;;;;;;;;;;;;;;;;;;;;;;
9;Person9_23.jpg;;;;cactusPaper;;;;;;;;;;;;;;;;;;;;;;;;;;;;;;;;;;;;;;;
9;Person9_24.jpg;;;;cactusPaper;;;;;;;;;;;;;;;;;;;;;;;;;;;;;;;;;;;;;;;
9;Person9_25.jpg;;blueSunglasses;;;;;;;;;;;;;;;;;;;;;;;;;;;;;;;;;;;;;;;;;
9;Person9_26.jpg;;;;;;;;;;;;;;;;;;;;metalKey;;;;;;;;;;;;;;;;;;;;;;;
10;Person10_1.jpg;;;;cactusPaper;;;;;;;;;;;;;;;;;miniCards;;;partyFavor;;;plaidPencil;;;;;;;sign;;;;;;;voiceRecorder;;
10;Person10_2.jpg;;;;cactusPaper;;;;;;;;;;;;;;;;;;;;;;;;;;;;;;;;;;;;;;;
10;Person10_3.jpg;;;;cactusPaper;;;;;;;;;;;;;;;;;;;;;;;;;;;;;;;;;;;;;;;
10;Person10_4.jpg;;;;;;;;;;;;;;;;;;;;;;;;;;;plaidPencil;;;;;;;;;;;;;;;;
10;Person10_5.jpg;;;;;;;;;;;;;;;;;;;;;;;;;;;plaidPencil;;;;;;;;;;;;;;;;
10;Person10_6.jpg;;;;cactusPaper;;;;;;;;;;;;;;;;;;;;;;;;;;;;;;;;;;;;;;;
10;Person10_7.jpg;;;;;;;;;;;;;;;;;;lavenderDie;;;miniCards;;;;;;;;;;;;;;;;;;;;;;
10;Person10_8.jpg;;;;cactusPaper;;;;;;;;;;;;;;;;;;;;;;;;;;;;;;;;;;;;;;;
10;Person10_9.jpg;;;;;;;;;;;;;;;;;;lavenderDie;;;;;;;;;;;;;;;;;;;;;;;;;
10;Person10_10.jpg;;;;;;;;;;;;;;;;;;lavenderDie;;;;;;;;;;;;;;;;;;;;;;;;;
10;Person10_11.jpg;;;;;;;;;;;;;;;;;;lavenderDie;;;;;;;;;;;;;;;;;;;;;;;;;
10;Person10_12.jpg;;;;cactusPaper;;;;;;;;;;;;;;lavenderDie;;;;;;;;;;;;;;;;;;;;;;;;;
10;Person10_13.jpg;;;;cactusPaper;;;;;;;;;;;;;;;;;;;;;;;;;;;;;;;;;;;;;;;
10;Person10_14.jpg;;;;;;;;;;;;;;;;;;;;;;;;;;;plaidPencil;;;;;;;;;;;;;;;;
10;Person10_15.jpg;;;;;;;;;;;;;;;;;;;;;;;;;;;plaidPencil;;;;;;;;;;;;;;;;
10;Person10_16.jpg;;;;;;;;;;;;;;;;;;;;;;;;;;;plaidPencil;;;;;;;;;;;;;;;;
10;Person10_17.jpg;;;;;;;;;;;;;;;;;;lavenderDie;;;;;;;;;;;;;;;;;;;;;;;;;
10;Person10_18.jpg;;;;;;;;;;;;;;;;;;lavenderDie;;;miniCards;;;partyFavor;;;plaidPencil;;;;;;;;;;;;;;voiceRecorder;;
10;Person10_19.jpg;;;;;;;;;;;;;;;;;;lavenderDie;;;;;;partyFavor;;;plaidPencil;;;;;;;sign;;;;;;;voiceRecorder;;
10;Person10_20.jpg;;;;;;;;;;;;;;;;;;;;;miniCards;;;partyFavor;;;;;;;;;;;;;;;;;;;
10;Person10_21.jpg;;;;;;;;;;;;;;;;;;;;;;;;;;;plaidPencil;;;;;;;;;;;;;;;;
10;Person10_22.jpg;;;;cactusPaper;;;;;;;;;;;;;;;;;;;;;;;;;;;;;;;;;;;;;;;
10;Person10_23.jpg;;;;;;;;;;;;;;;;;;;;;;;;;;;;;;;;;;;;;;;;;;;
10;Person10_24.jpg;;;;;;;;;;;;;;;;;;;;;miniCards;;;;;;;;;;;;;;;;;;;;;;
10;Person10_25.jpg;;;;;;;;;;;;;;;;;;;;;;;;;;;plaidPencil;;;;;;;;;;;;;;;;
11;Person11_1.jpg;;;;;;;;;;;foamDart;;;;;;;;;;;;;;;;;;;;;;;;;;;;;;;;
11;Person11_2.jpg;;;;;;;;;;;foamDart;;;;;;;;;;;;;;;;;;;;;;;;;;;;;;;;
11;Person11_3.jpg;;;;;;;;;;;;;;;;;;;;;;;;;;;;;rainbowPens;;;;;;;;;;;;;;
11;Person11_4.jpg;;;;;;;;;;;;;;;;;;;;;;;;;;;;;rainbowPens;;;;;;;;;;;;;;
11;Person11_5.jpg;;;;;;;;;;eyeball;;;;;;;;;;;;;;;;;;;;;;;;;;;;;;;;;
11;Person11_6.jpg;;;;;;;;;;eyeball;;;;;;;;;;;;;;;;;;;;;;;;;;;;;;;;;
11;Person11_7.jpg;;;;;;;;;;eyeball;;;;;;;;;;;;;;;;;;;;;;;;;;;;;;;;;
11;Person11_8.jpg;;;;;;;;;;;foamDart;;;;;;;;;;;;;;;;;;;;;;;;;;;;;;;;
11;Person11_9.jpg;;;;;;;;;;;foamDart;;;;;;;;;;;;;;;;;;;;;;;;;;;;;;;;
11;Person11_10.jpg;;;;cactusPaper;;;;;;;;;;;;;;;;;;;;;;;;;;;;;;;;;;;;;;;
11;Person11_11.jpg;;;;cactusPaper;;;;;;;;;;;;;;;;;;;;;;;;;;;;;;;;;;;;;;;
11;Person11_12.jpg;;;;cactusPaper;;;;;;;;;;;;;;;;;;;;;;;;;;;;;;;;;;;;;;;
11;Person11_13.jpg;;;;;;;;;;;;;giftBag;;;;;;;;;;;;;;;;;;;;;;;;;;;;;;
11;Person11_14.jpg;;;;;;;;;;;foamDart;;;;;;;;;;;;;;;;;;;;;;;;;;;;;;;;
11;Person11_15.jpg;;;;;;;;;cupcakePaper;;;;;;;;;;;;;;;;;;;;;;;;;;;;;;;;;;
11;Person11_16.jpg;;;;;;;;;;;;;;;;;;;;;;;;;;;;;rainbowPens;;;;;;;;;;;;;;
11;Person11_17.jpg;;;;;;;;;;;;;;;;;;;;;;noisemaker;;;;;;;;;;;;;;;;;;;;;
11;Person11_18.jpg;;;;;;;;;;;;;;;;;;;;;;noisemaker;;;;;;;;;;;;;;;;;;;;;
11;Person11_19.jpg;;;;;;;;;;eyeball;;;;;;;;;;;;;;;;;;;;;;;;;;;;;;;;;
11;Person11_20.jpg;;;;;;;;;;;;;giftBag;;;;;;;;;;;;;;;;;;;;;;;;;;;;;;
11;Person11_21.jpg;;;;;;;;;;;;;;;;;;;;;;;;;;;;;rainbowPens;;;;;;;;;;;;;;
11;Person11_22.jpg;;;;;;;;;cupcakePaper;;;;;;;;;;;;;;;;;;;;;;;;;;;;;;;;;;
11;Person11_23.jpg;;;;;;;;;;;;;;;;;;;;;;;;;;;;;rainbowPens;;;;;;;;;;;;;;
11;Person11_24.jpg;;;;;;;;;;;foamDart;;;;;;;;;;;;;;;;;;;;;;;;;;;;;;;;
11;Person11_25.jpg;;;;;;;;;cupcakePaper;;;;;;;;;;;;;;;;;;;;;;;;;;;;;;;;;;
11;Person11_26.jpg;;;;;;;;;;;;;;;;;;;;;;;;;;;;;rainbowPens;;;;;;;;;;;;;;
11;Person11_27.jpg;;;;;;;;;;;;;;;;;;;;;;;;;;;;;rainbowPens;;;;;;;;;;;;;;
11;Person11_28.jpg;;;;;;;;;;;;;;;;hairClip;;;;;;;;;;;;;;;;;;;;;;;;;;;
11;Person11_29.jpg;;;;cactusPaper;;;;;;;;;;;;;;;;;;;;;;;;;;;;;;;;;;;;;;;
11;Person11_30.jpg;;;;;;;;;;;;;giftBag;;;;;;;;;;;;;;;;;;;;;;;;;;;;;;
12;Person12_1.jpg;;;;cactusPaper;;;;;;;;;;;;;;;;;;;;;;;;;;;;;;;;;;;;;;yellowBag;
12;Person12_2.jpg;;;;cactusPaper;;;;;;;;;;;;;;;;;;;;;;;;;;;;;;;;;;;;;;yellowBag;
12;Person12_3.jpg;;;;cactusPaper;;;;;;;;;;;;;;;;;;;;;;;;;;;;;;;;;;;;;;;
12;Person12_4.jpg;;;;;;;;;;;;;;;;;;;;;;;;;;;;pumpkinNotes;;;;;;;;;;;;;;;
12;Person12_5.jpg;;;;;;;;;;;;;;;;hairClip;;;legoBracelet;;;noisemaker;;;;;;pumpkinNotes;;;;;;;;;;;;;;yellowBag;
12;Person12_6.jpg;;;;;;;;;;;;;;;;hairClip;;;;;;;;;;;;;;;;;;;;;;;;;;;
12;Person12_7.jpg;;;;cactusPaper;;;;;;;;;;;;hairClip;;;;;;noisemaker;;;;;;pumpkinNotes;;;;;;;;;;;;;;;
12;Person12_8.jpg;;;;cactusPaper;;;;;;;;;;;;hairClip;;;legoBracelet;;;noisemaker;;;;;;pumpkinNotes;;;;;;;;;;;;;;;
12;Person12_9.jpg;;;;;;;;;;;;;;;;;;;;;;noisemaker;;;;;;;;;;;;;;;;;;;;;
12;Person12_10.jpg;;;;;;;;;;;;;;;;;;;;;;noisemaker;;;;;;;;;;;;;;;;;;;;;
12;Person12_11.jpg;;;;;;;;;;;;;;;;;;;legoBracelet;;;noisemaker;;;;;;;;;;;;;;;;;;;;;
12;Person12_12.jpg;;;;;;;;;;;;;;;;hairClip;;;legoBracelet;;;;;;;;;;;;;;;;;;;;;;;yellowBag;
12;Person12_13.jpg;;;;;;;;;;;;;;;;hairClip;;;legoBracelet;;;;;;;;;;;;;;;;;;;;;;;yellowBag;
12;Person12_14.jpg;;;;;;;;;;;;;;;;;;;;;;;;;;;;;;;;;;;;;;;;;;;
12;Person12_15.jpg;;;;;;;;;;;;;;;;;;;;;;;;;;;;pumpkinNotes;;;;;;;;;;;;;;;
13;Person13_1.jpg;birdCall;blueSunglasses;;;;;;;cupcakePaper;;;;;;;;;;legoBracelet;;miniCards;;paperPlate;partyFavor;;;;;;;;;;;;;;;;;;;
13;Person13_2.jpg;birdCall;blueSunglasses;;;;;;;cupcakePaper;;;;;;;;;;legoBracelet;;miniCards;;paperPlate;partyFavor;;;;;;;;;;;;;;;;;;;
13;Person13_3.jpg;birdCall;blueSunglasses;;;;;;;cupcakePaper;;;;;;;;;;legoBracelet;;miniCards;;paperPlate;partyFavor;;;;;;;;;;;;;;;;;;;
13;Person13_4.jpg;;;;;;;;;;;;;;;;;;;;;miniCards;;;;;;;;;;;;;;;;;;;;;;
13;Person13_5.jpg;;;;;;;;;cupcakePaper;;;;;;;;;;;;;;;partyFavor;;;;;;;;;;;;;;;;;;;
13;Person13_6.jpg;;blueSunglasses;;;;;;;;;;;;;;;;;;;;;;;;;;;;;;;;;;;;;;;;;
13;Person13_7.jpg;birdCall;;;;;;;;;;;;;;;;;;;;;;;;;;;;;;;;;;;;;;;;;;
13;Person13_8.jpg;;;;;;;;;cupcakePaper;;;;;;;;;;legoBracelet;;;;;;;;;;;;;;;;;;;;;;;;
13;Person13_9.jpg;;;;;;;;;;;;;;;;;;;;;;;paperPlate;;;;;;;;;;;;;;;;;;;;
13;Person13_10.jpg;;blueSunglasses;;;;;;;;;;;;;;;;;;;;;;;;;;;;;;;;;;;;;;;;;
13;Person13_11.jpg;birdCall;;;;;;;;;;;;;;;;;;;;;;;;;;;;;;;;;;;;;;;;;;
13;Person13_12.jpg;birdCall;;;;;;;;;;;;;;;;;;;;miniCards;;;;;;;;;;;;;;;;;;;;;;
13;Person13_13.jpg;;;;;;;;;cupcakePaper;;;;;;;;;;;;;;;partyFavor;;;;;;;;;;;;;;;;;;;
13;Person13_14.jpg;;blueSunglasses;;;;;;;;;;;;;;;;;legoBracelet;;;;paperPlate;;;;;;;;;;;;;;;;;;;;
13;Person13_15.jpg;;;;;;;;;;;;;;;;;;;legoBracelet;;;;;;;;;;;;;;;;;;;;;;;;
13;Person13_16.jpg;;;;;;;;;;;;;;;;;;;;;;;paperPlate;partyFavor;;;;;;;;;;;;;;;;;;;
13;Person13_17.jpg;;blueSunglasses;;;;;;;;;;;;;;;;;legoBracelet;;;;;;;;;;;;;;;;;;;;;;;;
13;Person13_18.jpg;;;;;;;;;cupcakePaper;;;;;;;;;;;;;;;;;;;;;;;;;;;;;;;;;;
13;Person13_19.jpg;;;;;;;;;;;;;;;;;;;;;;;paperPlate;partyFavor;;;;;;;;;;;;;;;;;;;
13;Person13_20.jpg;;blueSunglasses;;;;;;;;;;;;;;;;;legoBracelet;;;;paperPlate;partyFavor;;;;;;;;;;;;;;;;;;;
13;Person13_21.jpg;birdCall;blueSunglasses;;;;;;;;;;;;;;;;;legoBracelet;;miniCards;;paperPlate;partyFavor;;;;;;;;;;;;;;;;;;;
13;Person13_22.jpg;;;;;;;;;cupcakePaper;;;;;;;;;;;;;;;;;;;;;;;;;;;;;;;;;;
13;Person13_23.jpg;birdCall;blueSunglasses;;;;;;;;;;;;;;;;;legoBracelet;;miniCards;;paperPlate;partyFavor;;;;;;;;;;;;;;;;;;;
13;Person13_24.jpg;birdCall;;;;;;;;;;;;;;;;;;;;;;;;;;;;;;;;;;;;;;;;;;
13;Person13_25.jpg;;;;;;;;;;;;;;;;;;;;;miniCards;;;;;;;;;;;;;;;;;;;;;;
13;Person13_26.jpg;;;;;;;;;;;;;;;;;;;;;;;;partyFavor;;;;;;;;;;;;;;;;;;;
13;Person13_27.jpg;;blueSunglasses;;;;;;;;;;;;;;;;;;;;;;partyFavor;;;;;;;;;;;;;;;;;;;
13;Person13_28.jpg;;;;;;;;;;;;;;;;;;;legoBracelet;;;;;;;;;;;;;;;;;;;;;;;;
13;Person13_29.jpg;;;;;;;;;cupcakePaper;;;;;;;;;;;;;;paperPlate;;;;;;;;;;;;;;;;;;;;
13;Person13_30.jpg;;;;;;;;;;;;;;;;;;;;;miniCards;;;;;;;;;;;;;;;;;;;;;;
13;Person13_31.jpg;birdCall;;;;;;;;;;;;;;;;;;;;miniCards;;paperPlate;;;;;;;;;;;;;;;;;;;;
13;Person13_32.jpg;birdCall;blueSunglasses;;;;;;;cupcakePaper;;;;;;;;;;legoBracelet;;miniCards;;paperPlate;partyFavor;;;;;;;;;;;;;;;;;;;
13;Person13_33.jpg;birdCall;blueSunglasses;;;;;;;cupcakePaper;;;;;;;;;;legoBracelet;;miniCards;;paperPlate;partyFavor;;;;;;;;;;;;;;;;;;;
13;Person13_34.jpg;;;;;;;;;;;;;;;;;;;;;;;;partyFavor;;;;;;;;;;;;;;;;;;;
13;Person13_35.jpg;;;;;;;;;;;;;;;;;;;;;miniCards;;;;;;;;;;;;;;;;;;;;;;
13;Person13_36.jpg;;;;;;;;;;;;;;;;;;;legoBracelet;;;;;;;;;;;;;;;;;;;;;;;;
13;Person13_37.jpg;;blueSunglasses;;;;;;;;;;;;;;;;;;;;;;;;;;;;;;;;;;;;;;;;;
14;Person14_1.jpg;;;;;;;cloudSign;;;;;;;;;;;;;;;;;;;;;;;;;;;;;;;;;;;;
14;Person14_2.jpg;;;;;;;cloudSign;;;;;;;;;;;;;;;;;;;;;;;;;;;;;;;;;;;;
14;Person14_3.jpg;;;;;;;;;;;;;;;gyroscope;;;;;;;;;;;;;;;;;;;;;;;;;;;;
14;Person14_4.jpg;;;;;;;;;;;;;;;gyroscope;;;;;;;;;;;;;;;;;;;;;;;;;;;;
14;Person14_5.jpg;;;;;;;;;;;;;;;gyroscope;;;;;;;;;;;;;;;;;;;;;;;;;;;;
14;Person14_6.jpg;;;;;;;;;;;;;;;;;;;;;miniCards;;;;;;;;;;;;;;;;;;;;;;
14;Person14_7.jpg;;;;;;;;;;;;;;;;;;;;;miniCards;;;;;;;;;;;;;;;;;;;;;;
14;Person14_8.jpg;;;;;canadaPencil;;;;;;;;;;;;;;;;;;;;;;;;;;;;;;;;;;;;;;
14;Person14_9.jpg;;;;;canadaPencil;;;;;;;;;;;;;;;;;;;;pinkCandle;;;;;;;;;;;;;;;;;;
14;Person14_10.jpg;birdCall;;;;canadaPencil;;;;;;;;;;;;;;;;;;;;pinkCandle;;;;;;;;;;;;;;;;;;
14;Person14_11.jpg;;;;;;;;;;;;;;;;;;;;;;;;;;;;pumpkinNotes;;;;;;;;;;;;;;;
14;Person14_12.jpg;;;;;;;cloudSign;;;;;;;;;;;;;;;;;;;;;pumpkinNotes;;;;;;;;;;;;;;;
14;Person14_13.jpg;;;;;;;;;;;;;;;;;;;;;;;;;pinkCandle;;;;;;;;;;;;;;;;;;
14;Person14_14.jpg;birdCall;;;;;;;;;;;;;;;;;;;;miniCards;;;;;;;;;;;;;;;;;;;;;;
14;Person14_15.jpg;birdCall;;;;;;;;;;;;;;;;;;;;miniCards;;;;;;;;;;;;;;;;;;;;;;
14;Person14_16.jpg;birdCall;;;;canadaPencil;;;;;;;;;;;;;;;;;;;;;;;;;;;;;;;;;;;;;;
14;Person14_17.jpg;;;;;canadaPencil;;cloudSign;;;;;;;;;;;;;;;;;;;;;;;;;;;;;;;;;;;;
14;Person14_18.jpg;;;;;;;;;;;;;;;gyroscope;;;;;;;;;;;;;;;;;;;;;;;;;;;;
14;Person14_19.jpg;birdCall;;;;;;;;;;;;;;;;;;;;;;;;;;;;;;;;;;;;;;;;;;
15;Person15_1.jpg;;;;;canadaPencil;;;;;;;gClamp;;;;;;;;;;noisemaker;;;;;;;;;;;;;;;;;;;;;
15;Person15_2.jpg;;;;;;;;;;;;;;;;;;;;;;noisemaker;;;;;;;;;;;;;;;;;;;;;
15;Person15_3.jpg;;;;;;;;;;;;;;;;;;;;;;;;;;;;;;;;;;sign;;;;;;;;;
15;Person15_4.jpg;;;;;;;;;;;;;;;;;;;;;;noisemaker;;;;;;;;;;;;sign;;;;;;;;;
15;Person15_5.jpg;;;;;;;;;;;;;;;;;hairRoller;;;;;;;;;;;;;;;;;;;;;;;;;;
15;Person15_6.jpg;;;;;;;;;;;;;;;;;hairRoller;;;;;;;;;;;;;;;;;;;;;;;;;;
15;Person15_7.jpg;;;;;;;;;;;;;;;;;;;;;;;;;;pinkEraser;;;;;;;;;;;;;;;;;
15;Person15_8.jpg;;;;;;;;;;;;;;;;;;;;;;;;;;pinkEraser;;;;;;;;;;;;;;;;;
15;Person15_9.jpg;birdCall;;;;;;;;;;;;;;;;;;;;;;;;;;;;;;;;;;;;;;;;;;
15;Person15_10.jpg;birdCall;;;;;;;;;;;;;;;;;;;;;;;;;;;;;;;;;;;;;;;;;;
15;Person15_11.jpg;;;;;canadaPencil;;;;;;foamDart;gClamp;;;;;;;;;;noisemaker;;;;;;;;;;;;;;;;;;;;;
15;Person15_12.jpg;;;;;;;;;;;foamDart;;;;;;;;;;;;;;;;;;;;;;;;;;;;;;;;
15;Person15_13.jpg;;;;;;;;;;;;;;;;;;;;;;;;;;;;;;;;;;;;;;;;;voiceRecorder;;
16;Person16_1.jpg;;;;;;;;;;;;;;;;;;;;;;;;;;;plaidPencil;;;;;;;;;;;;;;;;
16;Person16_2.jpg;;;;;;;;;;;;;;;;;;;;;;;;;;;plaidPencil;;;;;;;;;;;;;;;;
16;Person16_3.jpg;;;;;;;;;;;;;;;;;;;;;;;;;;;;;;;;;;;;;;trophy;;;;;
16;Person16_4.jpg;birdCall;;;;;;;;;;;;;;;;;lavenderDie;;;;;;;;;;;;;;;;;;;;trophy;;;;;
16;Person16_5.jpg;birdcall;;;;;;;;;;;;;;;;;;;;;;;;;;;;;;;;;;;;;;;;;;
16;Person16_6.jpg;;;;;;;;;;;;;;;;;;;;;;;;;;;plaidPencil;;;;;;;;;;;;;;;;
16;Person16_7.jpg;;;;;;;;;;;;;;;;;;;;;;;;;;;;;;;;;;;;;;;;;;;
16;Person16_8.jpg;;;;;;;;;;;;;;;;;;;;;;;;;;;;;;;;;;;;;;;;;;yellowBag;
16;Person16_9.jpg;;;;;;;;;;;;;;;;;;;;metalKey;;;;;;;;;;;;;;;;;;;;;;;
16;Person16_10.jpg;;;;;;;;;;;;;;;;;;;;;;;;;;;;;;;;;;;;;;;;;;;
17;Person17_1.jpg;;;;;;;;;;;;;;glassBead;;;;;;;;;;;;;;;rainbowPens;;;;;;;;;;;;;;
17;Person17_2.jpg;;;;;;;;;;;;;;glassBead;;;;;;;;;;;;;;;rainbowPens;;;;rubiksCube;;;;;;;;;;
17;Person17_3.jpg;;;;;;;;;;;;;;glassBead;;;;;;;;;;;;;;;rainbowPens;redBow;;;;;;;stickerBox;;;;;;
17;Person17_4.jpg;;;;;;;;;;;;;;;;;;;;;;;;;;;;;;redBow;;;;;;;;;;;;;
17;Person17_5.jpg;;;;;;;;;;;;;;;;;;;;;;;;;;;;;;redBow;;;;;;;stickerBox;;;;;;
17;Person17_6.jpg;;;;;;;;;;;;;;;;;;;;;;;;;;;;;;;;;;;;;stickerBox;;;;;;
17;Person17_7.jpg;;;;;;;;;;;;;;;;;;;;;;;;;;;;;;;;;rubiksCube;;;;;;;;;;
17;Person17_8.jpg;;;;;;;;;;;;;;glassBead;;;;;;;;;;;;;;;;;;;;;;;;;;;;;
17;Person17_9.jpg;;;;;;;;;;;;;;;;;;;;;;;;;;;;;rainbowPens;;;;;;;;;;;;;;
17;Person17_10.jpg;;;;;;;;;;;;;;;;;;;;;;;;;;;;;;;;;rubiksCube;;;;;;;;;;
17;Person17_11.jpg;;;;;;;;;;;;;;;;;;;;;;;;;;;;;;;;;rubiksCube;;;;;;;;;;
17;Person17_12.jpg;;;;;;;;;;;;;;;;;;;;;;;;;;;;;;;;;rubiksCube;;;;;;;;;;
17;Person17_13.jpg;;;;;;;;;;;;;;;;;;;;;;;;;;;;;;redBow;;;;;;;;;;;;;
17;Person17_14.jpg;;;;;;;;;;;;;;;;;;;;;;;;;;;;;;redBow;;;;;;;;;;;;;
17;Person17_15.jpg;;;;;;;;;;;;;;;;;;;;;;;;;;;;;;;;;;;;;stickerBox;;;;;;
17;Person17_16.jpg;;;;;;;;;;;;;;;;;;;;;;;;;;;;;rainbowPens;;;;;;;;;;;;;;
17;Person17_17.jpg;;;;;;;;;;;;;;;;;;;;;;;;;;;;;;;;;rubiksCube;;;;;;;;;;
17;Person17_18.jpg;;;;;;;;;;;;;;glassBead;;;;;;;;;;;;;;;;;;;;;;;;;;;;;
17;Person17_19.jpg;;;;;;;;;;;;;;;;;;;;;;;;;;;;;rainbowPens;;;;;;;;;;;;;;
17;Person17_20.jpg;;;;;;;;;;;;;;glassBead;;;;;;;;;;;;;;;rainbowPens;redBow;;;rubiksCube;;;;stickerBox;;;;;;
17;Person17_21.jpg;;;;;;;;;;;;;;;;;;;;;;;;;;;;;;;;;;;;;;;;;;;
17;Person17_22.jpg;;;;;;;;;;;;;;;;;;;;;;;;;;;;;;;;;rubiksCube;;;;;;;;;;
17;Person17_23.jpg;;;;;;;;;;;;;;;;;;;;;;;;;;;;;rainbowPens;;;;;;;;;;;;;;
17;Person17_24.jpg;;;;;;;;;;;;;;;;;;;;;;;;;;;;;;;;;rubiksCube;;;;;;;;;;
17;Person17_25.jpg;;;;;;;;;;;;;;;;;;;;;;;;;;;;;;;;;;;;;stickerBox;;;;;;
17;Person17_26.jpg;;;;;;;;;;;;;;glassBead;;;;;;;;;;;;;;;;;;;;;;;;;;;;;
17;Person17_27.jpg;;;;;;;;;;;;;;glassBead;;;;;;;;;;;;;;;;;;;;;;;;;;;;;
17;Person17_28.jpg;;;;;;;;;;;;;;;;;;;;;;;;;;;;;rainbowPens;;;;;;;;;;;;;;
17;Person17_29.jpg;;;;;;;;;;;;;;;;;;;;;;;;;;;;;rainbowPens;;;;;;;;;;;;;;
17;Person17_30.jpg;;;;;;;;;;;;;;glassBead;;;;;;;;;;;;;;;rainbowPens;;;;;;;;;;;;;;
17;Person17_31.jpg;;;;;;;;;;;;;;;;;;;;;;;;;;;;;;;;;rubiksCube;;;;;;;;;;
17;Person17_32.jpg;;;;;;;;;;;;;;;;;;;;;;;;;;;;;;;;;;;;;stickerBox;;;;;;
17;Person17_33.jpg;;;;;;;;;;;;;;;;;;;;;;;;;;;;;rainbowPens;;;;;;;;;;;;;;
17;Person17_34.jpg;;;;;;;;;;;;;;glassBead;;;;;;;;;;;;;;;;;;;;;;;;;;;;;
17;Person17_35.jpg;;;;;;;;;;;;;;;;;;;;;;;;;;;;;;;;;rubiksCube;;;;;;;;;;
17;Person17_36.jpg;;;;;;;;;;;;;;;;;;;;;;;;;;;;;rainbowPens;;;;;;;;;;;;;;
17;Person17_37.jpg;;;;;;;;;;;;;;;;;;;;;;;;;;;;;rainbowPens;;;;rubiksCube;;;;;;;;;;
17;Person17_38.jpg;;;;;;;;;;;;;;glassBead;;;;;;;;;;;;;;;;;;;;;;;;;;;;;
17;Person17_39.jpg;;;;;;;;;;;;;;glassBead;;;;;;;;;;;;;;;;;;;;;;;;;;;;;
17;Person17_40.jpg;;;;;;;;;;;;;;glassBead;;;;;;;;;;;;;;;;;;;;;;;;;;;;;
17;Person17_41.jpg;;;;;;;;;;;;;;;;;;;;;;;;;;;;;rainbowPens;;;;;;;;;;;;;;
17;Person17_42.jpg;;;;;;;;;;;;;;;;;;;;;;;;;;;;;rainbowPens;;;;;;;;;;;;;;
17;Person17_43.jpg;;;;;;;;;;;;;;;;;;;;;;;;;;;;;rainbowPens;;;;;;;;;;;;;;
17;Person17_44.jpg;;;;;;;;;;;;;;glassBead;;;;;;;;;;;;;;;rainbowPens;;;;;;;;;;;;;;
17;Person17_45.jpg;;;;;;;;;;;;;;;;;;;;;;;;;;;;;rainbowPens;;;;;sign;;;;;;;;;
17;Person17_46.jpg;;;;;;;;;;;;;;;;;;;;;;;;;;;;;rainbowPens;;;;;;;;;;;;;;
17;Person17_47.jpg;;;;;;;;;;;;;;;;;;;;;;;;;;;;;rainbowPens;;;;;;;;;;;;;;
17;Person17_48.jpg;;;;;;;;;;;;;;;;;;;;;;;;;;;;;;;;;rubiksCube;;;;;;;;;;
17;Person17_49.jpg;;;;;;;;;;;;;;;;;;;;;;;;;;;;;;;;;rubiksCube;;;;;;;;;;
17;Person17_50.jpg;;;;;;;;;;;;;;;;;;;;;;;;;;;;;;;;;rubiksCube;;;;;;;;;;
17;Person17_51.jpg;;;;;;;;;;;;;;;;;;;;;;;;;;;;;rainbowPens;;;;;;;;;;;;;;
17;Person17_52.jpg;;;;;;;;;;;;;;;;;;;;;;;;;;;;;rainbowPens;;;;rubiksCube;;;;;;;;;;
17;Person17_53.jpg;;;;;;;;;;;;;;;;;;;;;;;;;;;;;;;;;;;;;;;;;;;
17;Person17_54.jpg;;;;;;;;;;;;;;glassBead;;;;;;;;;;;;;;;;;;;;;;;;;;;;;
17;Person17_55.jpg;;;;;;;;;;;;;;;;;;;;;;;;;;;;;;;;;;;;;stickerBox;;;;;;
17;Person17_56.jpg;;;;;;;;;;;;;;;;;;;;;;;;;;;;;rainbowPens;;;;;;;;;;;;;;
17;Person17_57.jpg;;;;;;;;;;;;;;;;;;;;;;;;;;;;;rainbowPens;;;;;;;;;;;;;;
17;Person17_58.jpg;;;;;;;;;;;;;;;;;;;;;;;;;;;;;;;;;rubiksCube;;;;;;;;;;
17;Person17_59.jpg;;;;;;;;;;;;;;;;;;;;;;;;;;;;;;;;;;;;;stickerBox;;;;;;
17;Person17_60.jpg;;blueSunglasses;;;;;;;;;;;;;;;;;;;;;;;;;;;;;;;;;;;;;;;;;
17;Person17_61.jpg;birdCall;;;;;;;;;;;;;;;;;;;;;;;;;;;;;;;;;;;;;;;;;;
17;Person17_62.jpg;;blueSunglasses;;;;;;;;;;;;;;;;;;;;;;;;;;;;;;;;;;;;;;;;;
17;Person17_63.jpg;;blueSunglasses;;;;;;;;;;;;;;;;;;;;;;;;;;;;;;;;;;;;;;;;;
17;Person17_64.jpg;;blueSunglasses;;;;;;;;;;;;;;;;;;;;;;;;;;;;;;;;;;;;;;;;;
18;Person18_1.jpg;birdCall;;;;;;;;;;;;;;;;;;;;;;;;;;;;;;;;;;;;;;;;;;
18;Person18_2.jpg;;;;;;;;;;;;;;;;;;;;;;;;;;;;;;;;;;;silverStraw;;;;;;;;
18;Person18_3.jpg;;;;;;;;;;;;;;;;;;lavanderDie;;;;;;;;;;;;;;;;;;;;;;;;;
18;Person18_4.jpg;;;;;;;;;;;;;;;;;;lavanderDie;;;;;;;;pinkEraser;;;;;;;;;;;;;;;;;
18;Person18_5.jpg;;;;;;;;;;;;;;;;;;;;;;;;;;;;;;;;;;;;;;;;;;;
18;Person18_6.jpg;;;;;;;;;;;;;;;;;;;;;;;;;;;;;;;;redWhistle;;;;;;;;;;;
18;Person18_7.jpg;;;;;;;;;;;;;;;;;;;;;;;;;;;;;;;;;;;;;;;;;;;
18;Person18_8.jpg;;;;;;;;;;;;;giftBag;;;;;;;metalKey;;;;;;;;;;;;;;;;;;;;;;;
18;Person18_9.jpg;birdCall;;;;;;;;;;;;giftBag;;;;;lavenderDie;;metalKey;;;;;;pinkEraser;;;;;;redWhistle;;;silverStraw;;;;;;;;
19;Person19_1.jpg;;;;;;;;;;eyeball;;;;;;;;;;;;;;;;;;;;;;;;;;;;;;;;;
19;Person19_2.jpg;;;;;;;;;;eyeball;;;;;;;;;;;;;;;;;;;;;;;;;;;;;;;;;
19;Person19_3.jpg;;;;;;;;;;;;gClamp;;;;;;;;;;;;;;pinkEraser;;;;;;;;;;;;;;;;;
19;Person19_4.jpg;;;;;;;;;;;;gClamp;;glassBead;;;;;;;;;;;;pinkEraser;;;;;;;;;;;;;;;;;
19;Person19_5.jpg;;;;;;;;;;;;gClamp;;glassBead;;;;;;;;;;;;pinkEraser;;;;;;;;;;;;;;;;;
19;Person19_6.jpg;;;;;;;;;;;;gClamp;;;;;hairRoller;;;;;;;;;;;;;;;;;;;;;;;;;;
19;Person19_7.jpg;;;;;;;;;;;;gClamp;;glassBead;gyroscope;;hairRoller;;;;;;paperPlate;;;pinkEraser;;;;;;;;;;;;;;;;;
19;Person19_8.jpg;;;;;;;;;;;;gClamp;;glassBead;gyroscope;;hairRoller;;;;;;paperPlate;;;pinkEraser;;;;;;;;;;;;;;;;;
20;Person20_1.jpg;;;;;;;;;;;;;;;;;;;;;;;;partyFavor;;;;;;;;;;;;;;;;;;;
20;Person20_2.jpg;;;;;;;;;;;;;;;;;;;;;;;;partyFavor;;;;;;;;;;;;;;;;;;;
20;Person20_3.jpg;;;;;;;;;;;;;;;;;;;;;;;;;;;;;;;;;;;;;;;;;;;
20;Person20_4.jpg;;;;;;;cloudSign;;;;;;;;;;;;;;;;;;;;;;;;;;;;;;;;;;;;
20;Person20_5.jpg;;;;;;;;;;;;;;;;hairClip;;;;;;;;;;;;;;;;;;;;;;;;;;;
20;Person20_6.jpg;;;;;;;;;;;;;;;;;;;;;;noisemaker;;;;;;;;;;;;;;;;;;;;;
20;Person20_7.jpg;;;;;;;;;;;;;;;;;;;;;;noisemaker;;;;;;;;;;;;;;;;;;;;;
20;Person20_8.jpg;;;;;;;cloudSign;;;;;;;;;;;;;;;noisemaker;;;;;;;;;;;;;;;;;;;;;
20;Person20_9.jpg;;;;;;;;;;;;;;;;;;;;;;;;;;;;;;redBow;;;;;;;;;;;;;
20;Person20_10.jpg;;;;;;;;;;;;;;;;;;;;;;;;;;;;;;redBow;;;;;;;;;;;;;
20;Person20_11.jpg;;;;;;;;;;;;gClamp;;;;;;;;;;;;;;;;;;;;;;;;;;;;;;;
20;Person20_12.jpg;;;;;;;;;;;;gClamp;;;;;;;;;;;;;;;;;;;;;;;;;;;;;;;
20;Person20_13.jpg;;;;;;;;;;;;;;;;;;;;metalKey;;;;;;;;;;;;;;;;;;;;;;;
20;Person20_14.jpg;;;;;;;;;;;;;;;;;;;;metalKey;;;;;;;;;;;;;;;;;;;;;;;
20;Person20_15.jpg;;;;;;;;;;;;;;;;;;;;metalKey;;;;;;;;;;;;;;;;;;;;;;;
20;Person20_16.jpg;;;;;;;;;;;;;;;;;;;;;;noisemaker;;;;;;;;;;;;;;;;;;;;;
20;Person20_17.jpg;;;;;;;;;;;;gClamp;;;;;;;;;;;;;;;;;;;;;;;;;;;;;;;
20;Person20_18.jpg;;;;;;;;;;;;;;;;;;;;;;;;partyFavor;;;;;;redBow;;;;;;;;;;;;;
20;Person20_19.jpg;;;;;;;;;;;;;;;;;;;;;;;;partyFavor;;;;;;redBow;;;;;;;;;;;;;
20;Person20_20.jpg;;;;;;;;;;;;;;;;;;;;metalKey;;;;;;;;;;;;;;;;;;;;;;;
20;Person20_21.jpg;;;;;;;;;;;;;;;;;;;;metalKey;;;;;;;;;;;;;;;;;;;;;;;
20;Person20_22.jpg;;;;;;;;;;eyeball;;;;;;;;;;;;;;;;;;;;;;;;;;;;;;;;;
20;Person20_23.jpg;;;;;;;;;;eyeball;;;;;;;;;;;;;;;;;;;;;;;;;;;;;;;;;
20;Person20_24.jpg;;;;;;;cloudSign;;;;;;;;;hairClip;;;;;;;;;;;;;;;;;;;;;;;;;;;
20;Person20_25.jpg;;;;;;;cloudSign;;;;;;;;;hairClip;;;;;;;;;;;;;;;;;;;;;;;;;;;
20;Person20_26.jpg;;;;;;;;;;;;gClamp;;;;;;;;;;;;;;;;;;;;;;;;;;;;;;;
20;Person20_27.jpg;;;;;;;;;;;;;;;;;;;;;;;;;;;;;;redBow;;;;;;;;;;;;;
20;Person20_28.jpg;;;;;;;;;;;;;;;;;;;;;;;;partyFavor;;;;;;;;;;;;;;;;;;;
20;Person20_29.jpg;;;;;;;;;;;;;;;;;;;;;;;;partyFavor;;;;;;;;;;;;;;;;;;;
21;Person21_1.jpg;;;;;;;;;;;;;;;;;;;;;;;;;;;;;;;;;;;;;;;;;;yellowBag;
21;Person21_2.jpg;;;;;;;;;;;;;;;;;;;;;;;;;;;;pumpkinNotes;;;;;rubiksCube;;;;;;;;;;
21;Person21_3.jpg;;;;;;;;;;;;gClamp;;;;;;lavenderDie;;;;;;;;;;;;;;;;sign;;;;;;;;;
21;Person21_4.jpg;;;;;;;;;;;;gClamp;;;;;;lavenderDie;;;;;;;;;;pumpkinNotes;;;;;rubiksCube;sign;;;;;;;;yellowBag;
22;Person22_1.jpg;;;;;;;;;;;foamDart;gClamp;;;;;;;;;;;;;;;;;;;;;;;;;;;;;;;
22;Person22_2.jpg;;blueSunglasses;;;;;;;;;;;;;;;;;;;;;;;;;;;;;;;;;;;;trophy;;;;;
22;Person22_3.jpg;;;;;canadaPencil;;;;;;;;;;;;;;;;;;;;;;;;;;;;;;;;;;;;;;
22;Person22_4.jpg;;;;;;;;;;;foamDart;gClamp;giftBag;;;;;;;;;;;;;;;;;;;;;;;;stickerBox;trophy;;;;;
22;Person22_5.jpg;;;;;canadaPencil;;;;;;;;;;;;;;;;;;;;;;;;;;;;;;;;stickerBox;;;;;;
22;Person22_6.jpg;;blueSunglasses;;;;;;;;;foamDart;;;;;;;;;;;;;;;;;;;;;;;;;;;;;;;;
22;Person22_7.jpg;;;;;;;;;;;foamDart;gClamp;giftBag;;;;;;;;;;;;;;;;;;;;;;;;;;;;;;
22;Person22_8.jpg;;blueSunglasses;;;;;;cowbell;;;;;;;;;;;;;;;;;;;;;;;;;;;;;;trophy;;;;;
23;Person23_1.jpg;;;brownDie;;;;;;cupcakePaper;;;gClamp;;;;;;;;;;;;;pinkCandle;;;;rainbowPens;;;redWhistle;;;;;;;;;;;
23;Person23_2.jpg;;;brownDie;;;;;;cupcakePaper;;;gClamp;;;;;;;;;;;;;;;;;;;;redWhistle;;;;;;;;;;;
23;Person23_3.jpg;;;;;;;;;;;;;;;;;;;;;;;;;;;;;rainbowPens;;;;;;;;;;;;;;
23;Person23_4.jpg;;;;;;;;;;;;;;;;;;;;;;;;;;;;;rainbowPens;;;redWhistle;;;;;;;;;;;
23;Person23_5.jpg;;;;;;;;;;;;;;;;;;;;;;;;;;;;;rainbowPens;;;redWhistle;;;;;;;;;;;
23;Person23_6.jpg;;;;;;;;;;;;;;;;;;;;;;;;;;;;;;;;;;;;;;;;;;;
23;Person23_7.jpg;;;;;;;;;;;;gClamp;;;;;;;;;;;;;;;;;;;;;;;;;;;;;;;
23;Person23_8.jpg;;;;;;;;;;;;gClamp;;;;;;;;;;;;;;;;;;;;;;;;;;;;;;;
23;Person23_9.jpg;;;;;;;;;;;;gClamp;;;;;;;;;;;;;;;;;;;;;;;;;;;;;;;
23;Person23_10.jpg;;;;;;;;;;;;gClamp;;;;;;;;;;;;;;;;;;;;;;;;;;;;;;;
23;Person23_11.jpg;;;;;;;;;;;;gClamp;;;;;;;;metalKey;;;;;;;;;;;;;;;;;;;;;;;
23;Person23_12.jpg;;;;;;;;;;;;gClamp;;;;;;;;;;;;;;;;;;;;;;;;;;;;;;;
23;Person23_13.jpg;;;;;;;;;;;;gClamp;;;;;;;;;;;;;;;;;;;;;;;;;;;;;;;
23;Person23_14.jpg;;;;;;;;;;;;gClamp;;;;;;;;;;;;;;;;;;;;;;;;;;;;;;;
23;Person23_15.jpg;;;;;;;;;;;;gClamp;;;;;;;;;;;;;;;;;;;;;;;;;;;;;;;
23;Person23_16.jpg;;;;;;;;;;;;gClamp;;;;;;;;;;;;;;;;;;;;;;;;;;;;;;;
23;Person23_17.jpg;;;;;;;;;;;;gClamp;;;;;;;;;;;;;;;;;;;;;;;;;;;;;;;
23;Person23_18.jpg;;;;;;;;;;;;gClamp;;;;;;;;;;;;;;;;;;;;;;;;;;;;;;;
23;Person23_19.jpg;;;;;;;;;;;;gClamp;;;;;;;;;;;;;;;;;;;;;;;;;;;;;;;
23;Person23_20.jpg;;;;;;;;;;;;;;;;;;;;;;;;;;;;;;;;redWhistle;;;;;;;;;;;
23;Person23_21.jpg;;;;;;;;;;;;;;;;;;;;;;;;;;;;;;;;redWhistle;;;;;;;;;;;
23;Person23_22.jpg;;;;;;;;;;;;;;;;;;;;;;;;;;;;;;;;redWhistle;;;;;;;;;;;
23;Person23_23.jpg;;;;;;;;;;;;;;;;;;;;;;;;;;;;;;;;redWhistle;;;;;;;;;;;
23;Person23_24.jpg;;;;;;;;;;;;;;;;;;;;;;;;;;;;;;;;redWhistle;;;;;;;;;;;
23;Person23_25.jpg;;;;;;;;;;;;;;;;;;;;;;;;;;;;;;;;redWhistle;;;;;;;;;;;
23;Person23_26.jpg;;;;;;;;;;;;;;;;;;;;;;;;;;;;;;;;redWhistle;;;;;;;;;;;
23;Person23_27.jpg;;;;;;;;;;;;;;;;;;;;;;;;;;;;;;;;redWhistle;;;;;;;;;;;
23;Person23_28.jpg;;;;;;;;;;;;;;;;;;;;;;;;;;;;;;;;redWhistle;;;;;;;;;;;
23;Person23_29.jpg;;;;;;;;;;;;;;;;;;;;;;;;;;;;;;;;redWhistle;;;;;;;;;;;
23;Person23_30.jpg;;;;;;;;;;;;;;;;;;;;;;;;;;;;;;;;;;;;;;;;;;;
23;Person23_31.jpg;;;;;;;;;;;;;;;;;;;;;;;;;;;;;;;;redWhistle;;;;;;;;;;;
23;Person23_32.jpg;;;;;;;;;;;;;;;;;;;;;;;;;;;;;;;;redWhistle;;;;;;;;;;;
23;Person23_33.jpg;;;;;;;;;;;;;;;;;;;;;;;;;;;;;;;;redWhistle;;;;;;;;;;;
23;Person23_34.jpg;;;;;;;;;;;;;;;;;;;;;;;;;;;;;rainbowPens;;;;;;;;;;;;;;
23;Person23_35.jpg;;;;;;;;;;;;;;;;;;;;;;;;;;;;;rainbowPens;;;;;;;;;;;;;;
23;Person23_36.jpg;;;;;;;;;;;;;;;;;;;;;;;;;;;;;rainbowPens;;;;;;;;;;;;;;
23;Person23_37.jpg;;;;;;;;;;;;;;;;;;;;;;;;;;;;;rainbowPens;;;;;;;;;;;;;;
23;Person23_38.jpg;;;;;;;;;;;;;;;;;;;;;;;;;;;;;rainbowPens;;;;;;;;;;;;;;
23;Person23_39.jpg;;;;;;;;;;;;;;;;;;;;;;;;;;;;;rainbowPens;;;;;;;;;;;;;;
23;Person23_40.jpg;;;;;;;;;;;;;;;;;;;;;;;;;;;;;rainbowPens;;;;;;;;;;;;;;
23;Person23_41.jpg;;;;;;;;;;;;;;;;;;;;;;;;;;;;;rainbowPens;;;;;;;;;;;;;;
23;Person23_42.jpg;;;;;;;;;;;;;;;;;;;;;;;;;;;;;rainbowPens;;;;;;;;;;;;;;
23;Person23_43.jpg;;;;;;;;;;;;;;;;;;;;;;;;;;;;;rainbowPens;;;;;;;;;;;;;;
23;Person23_44.jpg;;;;;;;;;;;;;;;;;;;;;;;;;;;;;rainbowPens;;;;;;;;;;;;;;
23;Person23_45.jpg;;;;;;;;;;;;;;;;;;;;;;;;;;;;;rainbowPens;;;;;;;;;;;;;;
23;Person23_46.jpg;;;;;;;;;;;;;;;;;;;;;;;;;;;;;rainbowPens;;;;;;;;;;;;;;
23;Person23_47.jpg;;;brownDie;;;;;;;;;;;;;;;;;;;;;;;;;;;;;;;;;;;;;;;;
23;Person23_48.jpg;;;brownDie;;;;;;;;;;;;;;;;;;;;;;;;;;;;;;;;;;;;;;;;
23;Person23_49.jpg;;;brownDie;;;;;;;;;;;;;;;;;;;;;;;;;;;;;;;;;;;;;;;;
23;Person23_50.jpg;;;brownDie;;;;;;;;;;;;;;;;;;;;;;;;;;;;;;;;;;;;;;;;
23;Person23_51.jpg;;;brownDie;;;;;;;;;;;;;;;;;;;;;;;;;;;;;;;;;;;;;;;;
23;Person23_52.jpg;;;brownDie;;;;;;;;;;;;;;;;;;;;;;;;;;;;;;;;;;;;;;;;
23;Person23_53.jpg;;;brownDie;;;;;;;;;;;;;;;;;;;;;;;;;;;;;;;;;;;;;;;;
23;Person23_54.jpg;;;brownDie;;;;;;;;;;;;;;;;;;;;;;;;;;;;;;;;;;;;;;;;
23;Person23_55.jpg;;;brownDie;;;;;;;;;;;;;;;;;;;;;;;;;;;;;;;;;;;;;;;;
23;Person23_56.jpg;;;brownDie;;;;;;;;;;;;;;;;;;;;;;;;;;;;;;;;;;;;;;;;
23;Person23_57.jpg;;;brownDie;;;;;;;;;;;;;;;;;;;;;;;;;;;;;;;;;;;;;;;;
23;Person23_58.jpg;;;brownDie;;;;;;;;;;;;;;;;;;;;;;;;;;;;;;;;;;;;;;;;
23;Person23_59.jpg;;;brownDie;;;;;;;;;;;;;;;;;;;;;;;;;;;;;;;;;;;;;;;;
23;Person23_60.jpg;;;brownDie;;;;;;;;;;;;;;;;;;;;;;;;;;;;;;;;;;;;;;;;
23;Person23_61.jpg;;;brownDie;;;;;;;;;;;;;;;;;;;;;;;;;;;;;;;;;;;;;;;;
23;Person23_62.jpg;;;;;;;;;;;;;;;;;;;;;;;;;pinkCandle;;;;;;;;;;;;;;;;;;
23;Person23_63.jpg;;;;;;;;;;;;;;;;;;;;;;;;;pinkCandle;;;;;;;;;;;;;;;;;;
23;Person23_64.jpg;;;;;;;;;;;;;;;;;;;;;;;;;pinkCandle;;;;;;;;;;;;;;;;;;
23;Person23_65.jpg;;;;;;;;;;;;;;;;;;;;;;;;;pinkCandle;;;;;;;;;;;;;;;;;;
23;Person23_66.jpg;;;;;;;;;;;;;;;;;;;;;;;;;pinkCandle;;;;;;;;;;;;;;;;;;
23;Person23_67.jpg;;;;;;;;;;;;;;;;;;;;;;;;;pinkCandle;;;;;;;;;;;;;;;;;;
23;Person23_68.jpg;;;;;;;;;;;;;;;;;;;;;;;;;pinkCandle;;;;;;;;;;;;;;;;;;
23;Person23_69.jpg;;;;;;;;;;;;;;;;;;;;;;;;;pinkCandle;;;;;;;;;;;;;;;;;;
23;Person23_70.jpg;;;;;;;;;;;;;;;;;;;;;;;;;pinkCandle;;;;;;;;;;;;;;;;;;
23;Person23_71.jpg;;;;;;;;;;;;;;;;;;;;;;;;;pinkCandle;;;;;;;;;;;;;;;;;;
23;Person23_72.jpg;;;;;;;;;;;;;;;;;;;;;;;;;pinkCandle;;;;;;;;;;;;;;;;;;
23;Person23_73.jpg;;;;;;;;;cupcakePaper;;;;;;;;;;;;;;;;;;;;;;;;;;;;;;;;;;
23;Person23_74.jpg;;;;;;;;;cupcakePaper;;;;;;;;;;;;;;;;;;;;;;;;;;;;;;;;;;
23;Person23_75.jpg;;;;;;;;;cupcakePaper;;;;;;;;;;;;;;;;;;;;;;;;;;;;;;;;;;
23;Person23_76.jpg;;;;;;;;;cupcakePaper;;;;;;;;;;;;;;;;;;;;;;;;;;;;;;;;;;
23;Person23_77.jpg;;;;;;;;;cupcakePaper;;;;;;;;;;;;;;;;;;;;;;;;;;;;;;;;;;
23;Person23_78.jpg;;;;;;;;;cupcakePaper;;;;;;;;;;;;;;;;;;;;;;;;;;;;;;;;;;
23;Person23_79.jpg;;;;;;;;;cupcakePaper;;;;;;;;;;;;;;;;;;;;;;;;;;;;;;;;;;
23;Person23_80.jpg;;;;;;;;;cupcakePaper;;;;;;;;;;;;;;;;;;;;;;;;;;;;;;;;;;
23;Person23_81.jpg;;;;;;;;;cupcakePaper;;;;;;;;;;;;;;;;;;;;;;;;;;;;;;;;;;
23;Person23_82.jpg;;;;;;;;;cupcakePaper;;;;;;;;;;;;;;;;;;;;;;;;;;;;;;;;;;
23;Person23_83.jpg;;;;;;;;;cupcakePaper;;;;;;;;;;;;;;;;;;;;;;;;;;;;;;;;;;
24;Person24_1.jpg;;;;;;;;;;;;;;;;;;;;;miniCards;;;;;;;;;;;;;;;;;;;;;;
24;Person24_2.jpg;;;;;;;;;;;;;;;;;;;;;miniCards;;;;;;;;;;;;;;;;;;;;;;
24;Person24_3.jpg;;;;;;;;;;;;gClamp;;;;;;;;;miniCards;;;;;;;;;;;;;;;;;;;;;;
24;Person24_4.jpg;;;;;;;;;;;;gClamp;;;;;;;;;miniCards;;;;;;;;;;;;;;;;;;;;;;
24;Person24_5.jpg;;;;;;;;;;;;;;;;;;;legoBracelet;;;;;;;;;;;;;;;;;spiderRing;;;;;;;
24;Person24_6.jpg;;;;;;;;;;;;gClamp;;;;;;;;;;;;;;;;;;;;;;;;;;;;;;;
24;Person24_7.jpg;;;;;;;;;;;;;;;;;;;legoBracelet;;miniCards;;;;;;;;;;;;;;;spiderRing;;;;;;;
24;Person24_8.jpg;;;;;;;;;;;;;;;;;;;;;;;;;;;;;;;;;;;silverStraw;;;;;;;;
24;Person24_9.jpg;;;;;;;;;;;;;;;;;;;;;;;;;;;;;;;;;;;silverStraw;;;;;;;;
24;Person24_10.jpg;;;;;;;;;;;;gClamp;;;;;;;legoBracelet;;;;;;;;;;;;;;;;silverStraw;;;;;;;;
24;Person24_11.jpg;;;;;;;;;;;;gClamp;;;;;;;legoBracelet;;;;;;;;;;;;;;;;silverStraw;;;;;;;;
24;Person24_12.jpg;;;;;;;;;;;;gClamp;;;;;;;legoBracelet;;;;;;;;plaidPencil;;;;;;;;silverStraw;;;;;;;;
24;Person24_13.jpg;;;;;;;;;;;;gClamp;;;;;;;legoBracelet;;;;;;;;plaidPencil;;;;;;;;silverStraw;;;;;;;;
24;Person24_14.jpg;;;;;;;;;;;;;;;;;;;;;;;;;;;;;;;;;;;;;;;;;voiceRecorder;;
25;Person25_1.jpg;;;;;;;;;;;;;;;;;;;;;;;paperPlate;;;;;;;;;;;;;;;;;;;;
25;Person25_2.jpg;;;;;;;;;;;;;;;;;;;;;;;paperPlate;;;;;;;;;;;;;;;;;;;;
25;Person25_3.jpg;;;;;;;;;;;;;;;;;;;;;;;paperPlate;;;;;;;;;;;sign;;;;;;;;;
25;Person25_4.jpg;;;;;;;;;;;;;;;;;;;;;;;paperPlate;;;;;;;;;;;sign;;;;;;;;;
25;Person25_5.jpg;;;;;;;;;;;;;;;;;;;;;;;paperPlate;;;;;;;;;;;sign;;;;;;;;;
25;Person25_6.jpg;;;;;;;;;;;;;;;;;;;;;;;;;;;;;;;;;;sign;;;;;;;;;
25;Person25_7.jpg;;;;;;;;;;;;;;;;;;;;;;;;;;;;;;;;;;sign;;;;;;;;;
25;Person25_8.jpg;;;;;;;;;;;;;;;;;;;;;;;;;;;;;;;;;;sign;;;;;;;;;
25;Person25_9.jpg;;;;;canadaPencil;;;;;;;;;;;;;;;;;;;;;;;;;;;;;;;;;;;;;;
25;Person25_10.jpg;;;;;canadaPencil;;;;;;;;;;;;;;;;;;;;;;;;;;;;;;;;;;;;;;
25;Person25_11.jpg;;;;;canadaPencil;;;;;;;;;;;;;;;;;;;;;;;;;;;;;;;;;;;;;;
25;Person25_12.jpg;;;;;;;;;;;;;;;;;;;;;miniCards;;;;;;;;;;;;;;;;;;;;;;
25;Person25_13.jpg;;;;;;;;;;;;;;;;;;;;;miniCards;;;;;;;;;;;;;;;;;;;;;;
25;Person25_14.jpg;;;;;;;;;;;;;;;;;;;;;miniCards;;;;;;;;;;;;;;;;;;;;;;
25;Person25_15.jpg;;;;;;;;;;;;;;;;;;;;;miniCards;;;;;;;;;;;;;;;;;;;;;;
25;Person25_16.jpg;;;;;;;;;;;;;;;;;;;;;miniCards;;paperPlate;;;;;;;;;;;;;;;;;;;;
25;Person25_17.jpg;;;;;;carabiner;;;;;;;;;;;;;;;;;;;;;;;;;;;;;;;;;;;;;
25;Person25_18.jpg;;;;;;carabiner;;;;;;;;;;;;;;;;;;;;;;;;;;;;;;;;;;;;;
25;Person25_19.jpg;;;;;;carabiner;;;;;;;;;;;;;;;;;;;;;;;;;;;;;;;;;;;;;
25;Person25_20.jpg;;;;;;;;;;;;;;;;;;;;;;;;partyFavor;;;;;;;;;;;;;;;;;;;
25;Person25_21.jpg;;;;;;;;;;;;;;;;;;;;;;;;partyFavor;;;;;;;;;;;;;;;;;;;
25;Person25_22.jpg;;;;;;;;;;;;;;;;;;;;;;;paperPlate;partyFavor;;;;;;;;;;;;;;;;;;;
25;Person25_23.jpg;;;;brownDie;;;;;;;;;;;;;;;;;;;;partyFavor;;;;;;;;;;;;;;;;;;;
25;Person25_24.jpg;;;;brownDie;;;;;;;;;;;;;;;;;;;;;;;;;;;;;;;;;;;;;;;
25;Person25_25.jpg;;;;brownDie;;;;;;;;;;;;;;;;;;;;;;;;;;;;;;;;;;;;;;;
25;Person25_26.jpg;;;;;;;;;;;;;;;;;;;;;miniCards;;;partyFavor;;;;;;;;;;;;;;;;;;;
26;Person26_1.jpg;;;;;;;;;;;;;;;;;;;;;;;;;;;;;;;;;;;;;;;;;;;
26;Person26_2.jpg;;;;;;;;;;;foamDart;;;;;;;;;;;;;;;;;;;;;;;;;;;;;;;;
26;Person26_3.jpg;;;;;;;;;;;;;;;;;;;;;;;;;;;;;;;;;;;;;;;;;;;
26;Person26_4.jpg;;;;;;;;;;;;;;;;;;;;;;;;;;;;;;;;;;;;;;;;;;;
26;Person26_5.jpg;;;;;;;cloudSign;;;;;;;;;;;;;;;;;;;;;;;;;;;;;;;;;;;;
26;Person26_6.jpg;;;;;;carabiner;;;;;;;;;;;;;;;;;;;;;;;;;;;;;;;;;;;;;
27;Person27_1.jpg;;;;;;;;;;;;;;;;;;;;;;;;;;;;;;;;;;;;;;;;;;;
27;Person27_2.jpg;;;;;;carabiner;;;;;;;;;;;;;;;;;;;;;;;;;;;;;;;;;;;;;
27;Person27_3.jpg;;;;;;carabiner;;;;;;;;;;;;;;;;;;;;;;;;;;;;;;;;;;;;;
27;Person27_4.jpg;;blueSunglasses;;;;;;;;;;;;;;;;;;;;;;;;;;;;;;;;;;;;;;;;;
27;Person27_5.jpg;;blueSunglasses;;;;;;;;;;;;;;;;;;;;;;;;;;;;;;;;;;;;;;;;;
27;Person27_6.jpg;;blueSunglasses;;;;;;;;;;;;;;;;;;;;;;;;;;;;;;;;;;;;;;;;;
27;Person27_7.jpg;;blueSunglasses;;;;;;;;;;;;;;;;;;;;;;;;;;;;;;;;;;;;;;;;;
27;Person27_8.jpg;;;;;;;;;;;;;;;;;;;;;;;;;;;;;;;;;;;;;;;;;;;
27;Person27_9.jpg;;;;;;;;;;;;;;;;;;;legoBracelet;;;;;;;;;;;;;;;;;;;;;;;;
27;Person27_10.jpg;;;;;;;;;;;;;;;;;;;legoBracelet;;;;;;;;;;;;;;;;;;;;;;;;
27;Person27_11.jpg;;;;;;;;;;;;;;;;;;;legoBracelet;;;;;;;;;;;;;;;;;;;;;;;;
27;Person27_12.jpg;;;;;;;;;;;;;;;;;;;;;;;;;pinkCandle;;;;;;;;;;;;;;;;;;
27;Person27_13.jpg;;;;;;;;;;;;;;;;;;;;;;;;;;;;pumpkinNotes;;;;;;;;;;;;;;;
27;Person27_14.jpg;;;;;;;;;;;;;;;;;;;;;;;;;;;;pumpkinNotes;;;;;;;;;;;;;;;
28;Person28_1.jpg;;;;;;;;;;;;;;;;;;;;;;;;;;;;;;;;;;;;spiderRing;stickerBox;;;;;;
28;Person28_2.jpg;;;;;;;;;;;;;;;;;;;;;;;;;;;;;;;;;;;;spiderRing;stickerBox;;;;;;
28;Person28_3.jpg;;;;;;;;;;;;;;;;hairClip;;;;;;;;;;;;;;;;;;;;;stickerBox;;;;;;
28;Person28_4.jpg;;;;;;;;;;;;;;;;;;;;;;;;;;;;;;;;;;;;;;;;;;yellowBag;
28;Person28_5.jpg;;;;;;;;cowbell;;;;;;;;;;;;;;;;;;;;;;;;;;;;;;;;;;;
28;Person28_6.jpg;;;;;;;;;;;;;;;;;;;;;;;;;;pinkEraser;;;;;;;;;;;;;;;;;
29;Person29_1.jpg;;;;;;;;;;;;;;;;;;;;;;;;;;;;;;redBow;;;;;;;;;;;;;
29;Person29_2.jpg;;;;;;;;;;;;;;;;;;;;;;;;;;;;;;redBow;;;;;;;;;;;;;
29;Person29_3.jpg;;;;;;;;;;;;;;;;;;;;;;;;;;;;;;redBow;;;;;;;;;;;;;
29;Person29_4.jpg;;;;;;carabiner;;;;;;;;;;;;;;;;;;;;;;;;;;;;;;;;;;;;;
29;Person29_5.jpg;;;;;;;;;;;;;;;;;;lavenderDie;;;;;;;;;;;;;;;;;;;;;;;;;
29;Person29_6.jpg;;;;;;;;;;;;;;glassBead;;;;;;;;;;;;;;;;;;;;;;;;;;;;;
29;Person29_7.jpg;;;;;;carabiner;;;;;;;;glassBead;;;;;;;;;;;;;;;;redBow;;redWhistle;;;;;;trophy;;;;;
29;Person29_8.jpg;;;;;;;;;;;;;;;;;;;;;;;;;;;plaidPencil;;;;;;;;;;;;;;;;
29;Person29_9.jpg;;;;;;;;;;;;;;;;;;;;;;;;;;;plaidPencil;;;;;;;;;;;;;;;;
29;Person29_10.jpg;;;;;;;;;;;;;;;;;;;;;;;;;;;;;;;;;;;;;;trophy;;;;;
29;Person29_11.jpg;;;;;;carabiner;;;;;;;;;;;;lavenderDie;;;;;;;;;;;;;;;;;;;;trophy;;;;;
29;Person29_12.jpg;;;;;;;;;;;;;;glassBead;;;;lavenderDie;;;;;;;;;plaidPencil;;;redBow;;redWhistle;;;;;;trophy;;;;;
29;Person29_13.jpg;;;;;;;;;;;;;;glassBead;;;;;;;;;;;;;;;;;;;;;;;;trophy;;;;;
29;Person29_14.jpg;;;;;;;;;;;;;;;;;;;;;;;;;;;;;;;;redWhistle;;;;;;;;;;;
30;Person30_1.jpg;;;;;;carabiner;;;;;;;giftBag;;;;;;;metalKey;;;;;;;;;rainbowPens;;;;rubiksCube;;silverStraw;;;;;;;;
30;Person30_2.jpg;;;;;;;;;;;;;;;;;;;;metalKey;;;;;;;;;rainbowPens;;;;;;silverStraw;;;;;;;;
30;Person30_3.jpg;;;;;;;;;;;;;;;;;;;;metalKey;;;;;;;;;rainbowPens;;;;;;silverStraw;;;;;;;;
30;Person30_4.jpg;;;;;;;;;;;;;;;;;;;;;;;;;;;;;rainbowPens;;;;;;silverStraw;;;;;;;;
30;Person30_5.jpg;;;;;;;;;;;;;;;;;;;;metalKey;;;;;;;;;;;;;;;;;;;;;;;
30;Person30_6.jpg;;;;;;carabiner;;;;;;;;silverStraw;;;;giftBag;;metalKey;;;;;;;;;rainbowPens;;;;rubiksCube;;;;;;;;;;
30;Person30_7.jpg;;;;;;;;;;;;;;;;;;;;metalKey;;;;;;;;;rainbowPens;;;;;;silverStraw;;;;;;;;
30;Person30_8.jpg;;;;;;;;;;;;;;;;;;;;metalKey;;;;;;;;;rainbowPens;;;;;;silverStraw;;;;;;;;
30;Person30_9.jpg;;;;;;;;;;;;;;;;;;;;;;;;;;;;;rainbowPens;;;;;;silverStraw;;;;;;;;
30;Person30_10.jpg;;;;;;;;;;;;;;;;;;;;metalKey;;;;;;;;;;;;;;;;;;;;;;;
30;Person30_11.jpg;;;;;;carabiner;;;;eyeball;;;;;;;;;;;;;;;;;;;rainbowPens;;;;rubiksCube;;;;;;;;;;
30;Person30_12.jpg;;;;;;carabiner;;;;eyeball;;;;;;;;;;metalKey;;;;;;;;;rainbowPens;;;;rubiksCube;;silverStraw;;;;;;;;
30;Person30_13.jpg;;;;;;;;;;eyeball;;;giftBag;;;;;;;;;;;;;;;;rainbowPens;;;;rubiksCube;;;;;;;;;;
30;Person30_14.jpg;;;;;;;;;;eyeball;;;;;;;;;;;;;;;;;;;rainbowPens;;;;rubiksCube;;;;;;;;;;
30;Person30_15.jpg;;;;;;;;;;;;;;;;;;;;metalKey;;;;;;;;;rainbowPens;;;;rubiksCube;;;;;;;;;;
30;Person30_16.jpg;;;;;;;;;;eyeball;;;;;;;;;;metalKey;;;;;;;;;rainbowPens;;;;rubiksCube;;silverStraw;;;;;;;;
30;Person30_17.jpg;;;;;;carabiner;;;;eyeball;;;;;;;;;;metalKey;;;;;;;;;rainbowPens;;;;rubiksCube;;;;;;;;;;
30;Person30_18.jpg;;;;;;carabiner;;;;eyeball;;;giftBag;;;;;;;metalKey;;;;;;;;;rainbowPens;;;;rubiksCube;;silverStraw;;;;;;;;
31;Person31_1.jpg;;blueSunglasses;;;;;;;cupcakePaper;;;;;;;;;;;;;;paperPlate;;;;;;rainbowPens;;;;;;;;;;turtle;;;;
31;Person31_2.jpg;;blueSunglasses;;;;;;;cupcakePaper;;;;;;;;;;;;;;paperPlate;;;;;;rainbowPens;;;;;;;;stickerBox;;turtle;;;;
31;Person31_3.jpg;;blueSunglasses;;;;;;;cupcakePaper;;;;;;;;;;;;;;paperPlate;;;;;;rainbowPens;;;;;;;;stickerBox;;turtle;;;;
31;Person31_4.jpg;;blueSunglasses;;;;;;;;;;;;glassBead;;;;;;;;;paperPlate;;;;;;;;;;;;;;stickerBox;;turtle;;;;
31;Person31_5.jpg;;;;;;;;;;;;;;;;;;;;;;;;;;;;;;;;;;;;;stickerBox;;;;;;
32;Person32_1.jpg;;;;;;;;;;;;;;;;;;;;;;;;;;;;;;;;;;;;;;;;;;;
32;Person32_2.jpg;;;;;;;;;;;;;;;;;;;;;;;;;;;;;;;;;;;;;;;;;;;
32;Person32_3.jpg;;;;;;;;;;;;;;;;;;;;;;;;;;;;;;;;;;;;;;;;;;;
32;Person32_4.jpg;;;;;;;;;;;;;;;;;;;;;;;;;;;;;;;;;;;;;;;;;;;
32;Person32_5.jpg;;;;;;;;;;;;;;;;;;;;;;;;;;;;pumpkinNotes;;;;;;;;;;;;;;;
32;Person32_6.jpg;;;;;;;;;;;;;;;;;;;;;;;;;;;plaidPencil;;;;;;;;;;;;;;;;
32;Person32_7.jpg;;;;;;;;;;;;;;;;;;;;;;;;;;;;;;;;;;;;;;;turtle;;;;
32;Person32_8.jpg;;;;;;;;;;;;;;;;;;;;metalKey;;;;;;;;;;;;;;;;;;;;;;;
32;Person32_9.jpg;;;;;;;;;;;;;;;;;;;;;miniCards;;;;;;;;;;;;;;;;;;;;;;
32;Person32_10.jpg;;;;;;;cloudSing;;;;;;;;;;;;;;;;;;;;;;;;;;;;;;;;;;;;
32;Person32_11.jpg;;;;;;;cloudSing;;;;;;;;;;;;;;;;;;;;;;;;;;;;;;;;turtle;;;;
32;Person32_12.jpg;;;;;;;;;;;;;;;;;;;;metalKey;miniCards;;;;;;;;;;;;;;;;;;;;;;
32;Person32_13.jpg;;;;;;;cloudSing;;;;;;;;;;;;;;;;;;;;;;;;;;;;;;;;;;;;
32;Person32_14.jpg;;;;;;;;;;;;;;;;;;;;;;;;;;;;;;;;;;;;;;;turtle;;;;
32;Person32_15.jpg;;;;;;;;;;;;;;;;;;;;;miniCards;;;;;;;;;;;;;;;;;;;;;;
32;Person32_16.jpg;;;;;;;;;;;;;;;;;;;;;;;;;;;plaidPencil;;;;;;;;;;;;;;;;
32;Person32_17.jpg;;;;;;;;;;;;;;;;;;;;metalKey;;;;;;;;;;;;;;;;;;;;;;;
32;Person32_18.jpg;;;;;;;;;;;;;;;;;;;;;;;;;;;plaidPencil;pumpkinNotes;;;;;;;;;;;turtle;;;;
32;Person32_19.jpg;;;;;;;;;;;;;;;;;;;;;miniCards;;;;;;;;;;;;;;;;;;;;;;
32;Person32_20.jpg;;;;;;;;;;;;;;;;;;;;;;;;;;;;;;;;;;;;;;;turtle;;;;
32;Person32_21.jpg;;;;;;;;;;;;;;;;;;;;;;;;;;;plaidPencil;;;;;;;;;;;;;;;;
32;Person32_22.jpg;;;;;;;;;;;;;;;;;;;;metalKey;;;;;;;;;;;;;;;;;;;;;;;
32;Person32_23.jpg;;;;;;;;;;;;;;;;;;;;;;;;;;;;pumpkinNotes;;;;;;;;;;;;;;;
32;Person32_24.jpg;;;;;;;cloudSign;;;;;;;;;;;;;;;;;;;;;;;;;;;;;;;;;;;;
32;Person32_25.jpg;;;;;;;cloudSign;;;;;;;;;;;;;;;;;;;;;;;;;;;;;;;;;;;;
32;Person32_26.jpg;;;;;;;;;;;;;;;;;;;;;miniCards;;;;;;;;;;;;;;;;;;;;;;
32;Person32_27.jpg;;;;;;;;;;;;;;;;;;;;;;;;;;;;;;;;;;;;;;;turtle;;;;
32;Person32_28.jpg;;;;;;;;;;;;;;;;;;;;;;;;;;;;pumpkinNotes;;;;;;;;;;;;;;;
32;Person32_29.jpg;;;;;;;cloudSign;;;;;;;;;;;;;;;;;;;;;;;;;;;;;;;;;;;;
32;Person32_30.jpg;;;;;;;;;;;;;;;;;;;;;;;;;;;plaidPencil;;;;;;;;;;;;;;;;
32;Person32_31.jpg;;;;;;;;;;;;;;;;;;;;;;;;;;;;pumpkinNotes;;;;;;;;;;;;;;;
32;Person32_32.jpg;;;;;;;;;;;;;;;;;;;;;;;;;;;;;;;;;;;;;;;;;;;
32;Person32_33.jpg;;;;;;;;;;;;;;;;;;;;metalKey;;;;;;;;;;;;;;;;;;;;;;;
32;Person32_34.jpg;;;;;;;;;;;;;;;;;;;;;;;;;;;;;;;;;;;;;;;;;;;
32;Person32_35.jpg;;;;;;;;;;;;;;;;;;;;;;;;;;;;;;;;;;;;;;;;;;;
32;Person32_36.jpg;;;;;;;;;;;;;;;;;;;;;;;;;;;plaidPencil;;;;;;;;;;;;;;;;
32;Person32_37.jpg;;;;;;;;;;;;;;;;;;;;;miniCards;;;;;;;pumpkinNotes;;;;;;;;;;;;;;;
32;Person32_38.jpg;;;;;;;;;;;;;;;;;;;;;;;;;;;;;;;;;;;;;;;turtle;;;;
32;Person32_39.jpg;;;;;;;;;;;;;;;;;;;;metalKey;;;;;;;;;;;;;;;;;;;;;;;
32;Person32_40.jpg;;;;;;;cloudSign;;;;;;;;;;;;;;;;;;;;;;;;;;;;;;;;;;;;
32;Person32_41.jpg;;;;;;;;;;;;;;;;;;;;;;;;;;;;;;;;;;;;;;;;;;;
32;Person32_42.jpg;;;;;;;;;;;;;;;;;;;;;;;;;;;;;;;;;;;;;;;;;;;
32;Person32_43.jpg;;;;;;;;;;;;;;;;;;;;;;;;;;;;;;;;;;;;;;;turtle;;;;
32;Person32_44.jpg;;;;;;;;;;;;;;;;;;;;;;;;;;;;;;;;;;;;;;;;;;;
32;Person32_45.jpg;;;;;;;;;;;;;;;;;;;;;;;;;;;;;;;;;;;;;;;;;;;
32;Person32_46.jpg;;;;;;;;;;;;;;;;;;;;;;;;;;;;;;;;;;;;;;;;;;;
32;Person32_47.jpg;;;;;;;;;;;;;;;;;;;;metalKey;;;;;;;;;;;;;;;;;;;;;;;
32;Person32_48.jpg;;;;;;;;;;;;;;;;;;;;metalKey;miniCards;;;;;;;;;;;;;;;;;;;;;;
32;Person32_49.jpg;;;;;;;;;;;;;;;;;;;;;;;;;;;;;;;;;;;;;;;;;;yellowBag;
32;Person32_50.jpg;;;;;;;;;;;;;;;;;;;;;;;;;;;;pumpkinNotes;;;;;;;;;;;;;;;
32;Person32_51.jpg;;;;;;;;;;;;;;;;;;;;;;;;;;;;pumpkinNotes;;;;;;;;;;;;;;;
32;Person32_52.jpg;;;;;;;;;;;;;;;;;;;;;miniCards;;;;;;;;;;;;;;;;;;;;;;
32;Person32_53.jpg;;;;;;;;;;;;;;;;;;;;metalKey;;;;;;;;;;;;;;;;;;;;;;;
32;Person32_54.jpg;;;;;;;;;;;;;;;;;;;;;miniCards;;;;;;;pumpkinNotes;;;;;;;;;;;;;;;
32;Person32_55.jpg;;;;;;;;;;;;;;;;;;;;;;;;;;;plaidPencil;pumpkinNotes;;;;;;;;;;;;;;;
32;Person32_56.jpg;;;;;;;cloudSign;;;;;;;;;;;;;;;;;;;;;;;;;;;;;;;;;;;;
33;Person33_1.jpg;;;brownDie;;;;;;;;foamDart;;;;;;;;;;;;;;;;;;;;;;;;;;;;;;;;
33;Person33_2.jpg;;;;;;;;;;;;;giftBag;;;;;;;;;;;;;;;;;;;;;;;;;;;;;;
33;Person33_3.jpg;;;;;;;;;;;;;;;;;;;;;;;;;;;;;;;;redWhistle;;;;;;;;;;;
33;Person33_4.jpg;;;brownDie;;;;;;;;;;;;;;;;;;;;;;;;;;;;;;;;;;;;;;;;
33;Person33_5.jpg;;;;;;;;;;;;;;;;;;;;;;;;;;;;;;;;redWhistle;;;;;;;;;;;
33;Person33_6.jpg;;;;;;;;;;;foamDart;;;;;;;;;;;;;;;;;;;;;;;;;;;;;;;;
33;Person33_7.jpg;;;;;;;;;;;;;giftBag;;;;;;;;;;;;;;;;;;;;;;;;;;;;;;
33;Person33_8.jpg;;;brownDie;;;;;;;;foamDart;;;;;;;;;;;;;;;;;;;;;redWhistle;;;;;;;;;;;
33;Person33_9.jpg;;;brownDie;;;;;;;;;;;;;;;;;;;;;;;;;;;;;;;;;;;;;;;;
33;Person33_10.jpg;;;brownDie;;;;;;;;;;;;;;;;;;;;;;;;;;;;;;;;;;;;turtle;;;;
33;Person33_11.jpg;;;;;;;;;;;foamDart;;;;;;;;;;;;;;;;;;;;;;;;;;;;;;;;
33;Person33_12.jpg;;;;;;;;;;;foamDart;;;;;;hairRoller;;;;;;;;;;;;;;;;;;;;;;;;;;
33;Person33_13.jpg;;;;;;;;;;;foamDart;;;;;;hairRoller;;;;;;;;;;;;;;;;;;;;;;;;;;
33;Person33_14.jpg;;;brownDie;;;;;;;;;;;;;;;;;;;;;;;;;;;;;;;;;;;;;;;;
33;Person33_15.jpg;;;brownDie;;;;;;;;;;;;;;;;;;;;;;;;;;;;;;;;;;;;;;;;
33;Person33_16.jpg;;;;;;;;;;;;;;;;;;;;;;;;;;;;;;;;;;;;;;;turtle;;;;
33;Person33_17.jpg;;;;;;;;;;;;;giftBag;;;;;;;;;;;;;;;;;;;;;;;;;;;;;;
33;Person33_18.jpg;;;;;;;;;;;;;;;;;;;;;;;;;;;;;;;;;;;;;;;turtle;;;;
33;Person33_19.jpg;;;;;;;;;;;;;;;;;;;;;;;;;;;;;;;;redWhistle;;;;;;;;;;;
33;Person33_20.jpg;;;;;;;;;;;foamDart;;;;;;;;;;;;;;;;;;;;;;;;;;;;;;;;
33;Person33_21.jpg;;;;;;;;;;;;;;;;;;;;;;;;;;;;;;;;redWhistle;;;;;;;;;;;
33;Person33_22.jpg;;;;;;;;;;;;;giftBag;;;;;;;;;;;;;;;;;;;redWhistle;;;;;;;;;;;
33;Person33_23.jpg;;;;;;;;;;;foamDart;;;;;;;;;;;;;;;;;;;;;;;;;;;;;;;;
33;Person33_24.jpg;;;;;;;;;;;foamDart;;giftBag;;;;;;;;;;;;;;;;;;;;;;;;;;turtle;;;;
33;Person33_25.jpg;;;;;;;;;;;;;;;;;;;;;;;;;;;;;;;;redWhistle;;;;;;;;;;;
33;Person33_26.jpg;;;;;;;;;;;;;;;;;;;;;;;;;;;;;;;;redWhistle;;;;;;;;;;;
33;Person33_27.jpg;;;;;;;;;;;;;;;;;;;;;;;;;;;;;;;;redWhistle;;;;;;;;;;;
33;Person33_28.jpg;;;;;;;;;;;;;;;;;;;;;;;;;;pinkEraser;;;;;;;;;;;;;;;;;
33;Person33_29.jpg;;;;;;;;;;;;;;;;;;;;;;;;;;;;;;;;;;;;;;;turtle;;;;
33;Person33_30.jpg;;;;;;;;;;;;;giftBag;;;;;;;;;;;;;;;;;;;;;;;;;;turtle;;;;
33;Person33_31.jpg;;;;;;;;;;;;;giftBag;;;;hairRoller;;;;;;;;;;;;;;;;;;;;;;turtle;;;;
33;Person33_32.jpg;;;;;;;;;;;;;giftBag;;;;;;;;;;;;;;;;;;;;;;;;;;turtle;;;;
33;Person33_33.jpg;;;brownDie;;;;;;;;;;;;;;;;;;;;;;;;;;;;;;;;;;;;turtle;;;;
33;Person33_34.jpg;;;brownDie;;;;;;;;;;;;;;;;;;;;;;;;;;;;;redWhistle;;;;;;;turtle;;;;
33;Person33_35.jpg;;;;;;;;;;;;;;;;;;;;;;;;;;;;;;;;;;;;;;;turtle;;;;
33;Person33_36.jpg;;;;;;;;;;;;;;;;;hairRoller;;;;;;;;;;;;;;;;;;;;;;turtle;;;;
33;Person33_37.jpg;;;;;;;;;;;foamDart;;;;;;;;;;;;;;;;;;;;;;;;;;;;;;;;
33;Person33_38.jpg;;;;;;;;;;;;;;;;;;;;;;;;;;;;;;;;;;;;;;;turtle;;;;
33;Person33_39.jpg;;;;;;;;;;;;;;;;;;;;;;;;;;;;;;;;;;;;;;;turtle;;;;
33;Person33_40.jpg;;;;;;;;;;;foamDart;;giftBag;;;;;;;;;;;;;;;;;;;;;;;;;;;;;;
33;Person33_41.jpg;;;;;;;;;;;foamDart;;;;;;;;;;;;;;;;;;;;;;;;;;;;;;;;
33;Person33_42.jpg;;;;;;;;;;;;;;;;;;;;;;;;;;;;;;;;;;;;;;;turtle;;;;
33;Person33_43.jpg;;;;;;;;;;;;;giftBag;;;;;;;;;;;;;;;;;;;;;;;;;;turtle;;;;
33;Person33_44.jpg;;;;;;;;;;;;;;;;;;;;;;;;;;;;;;;;;;;;;;;turtle;;;;
33;Person33_45.jpg;;;;;;;;;;;;;giftBag;;;;;;;;;;;;;;;;;;;;;;;;;;turtle;;;;
33;Person33_46.jpg;;;;;;;;;;;;;;;;;;;;;;;;;;;;;;;;;;;;;;;turtle;;;;
33;Person33_47.jpg;;;;;;;;;;;;;;;;;;;;;;;;;;;;;;;;;;;;;;;turtle;;;;
33;Person33_48.jpg;;;;;;;;;;;;;;;;;hairRoller;;;;;;;;;;;;;;;;;;;;;;turtle;;;;
33;Person33_49.jpg;;;;;;;;;;;;;giftBag;;;;;;;;;;;;;;;;;;;;;;;;;;;;;;
33;Person33_50.jpg;;;;;;;;;;;;;;;;;;;;;;;;;;;;;;;;;;;;;;;turtle;;;;
33;Person33_51.jpg;;;;;;;;;;;foamDart;;giftBag;;;;;;;;;;;;;;;;;;;;;;;;;;;;;;
33;Person33_52.jpg;;;;;;;;;;;;;;;;;;;;;;;;;;;;;;;;;;;;;;;turtle;;;;
33;Person33_53.jpg;;;brownDie;;;;;;;;;;giftBag;;;;;;;;;;;;;;;;;;;;;;;;;;;;;;
33;Person33_54.jpg;;;;;;;;;;;;;;;;;hairRoller;;;;;;;;;;;;;;;;;;;;;;turtle;;;;
33;Person33_55.jpg;;;;;;;;;;;;;;;;;;;;;;;;;;;;;;;;;;;;;;;turtle;;;;
33;Person33_56.jpg;;;;;;;;;;;foamDart;;;;;;hairRoller;;;;;;;;;;;;;;;;;;;;;;turtle;;;;
33;Person33_57.jpg;;;;;;;;;;;foamDart;;;;;;;;;;;;;;;;;;;;;;;;;;;;;;;;
33;Person33_58.jpg;;;brownDie;;;;;;;;;;;;;;;;;;;;;;;;;;;;;;;;;;;;turtle;;;;
33;Person33_59.jpg;;;;;;;;;;;foamDart;;;;;;;;;;;;;;;;;;;;;;;;;;;;;;;;
33;Person33_60.jpg;;;;;;;;;;;;;;;;;;;;;;;;;;;;;;;;;;;;;;;turtle;;;;
33;Person33_61.jpg;;;brownDie;;;;;;;;;;;;;;;;;;;;;;;;;;;;;;;;;;;;;;;;
34;Person34_1.jpg;;;;;;;;;;;;;;;;;;;;;;;;;;;;;;;;;;;;;;;;;;;
34;Person34_2.jpg;;;;;;;;;;;;;;;;;;;legoBracelet;;;;;partyFavor;;;;;;redBow;;;;;;spiderRing;;;;;;;
34;Person34_3.jpg;;;;;;;;;;;;;;;;;;;;;;;;;;;;;;;;;;;;spiderRing;;;;;;;
34;Person34_4.jpg;;;;;;;;;;;;;;;;;;;;;;;;;;;;;;;;;rubiksCube;;;;;;;;;;
34;Person34_5.jpg;;;;;;;;;;;;;;;;;;;;;;;;;;;;;;;;;;;;spiderRing;;;turtle;;;;
34;Person34_6.jpg;;;;;;;;;;;;;;;;;;;;;;;;;;;;;;;;;;;;;;;;;;;
34;Person34_7.jpg;;;;;;;;;;;;;;;;;;;;;;;;;;;;;;;;;;;;;;;turtle;;;;
34;Person34_8.jpg;;;;;;;;;;;;;;;;;;;;;;;;;;;;;;redBow;;;rubiksCube;;;;;;;;;;
34;Person34_9.jpg;;;;;;;;;;;;;;;;;;;legoBracelet;;;;;;;;;;;;;;;;;;;;;;;;
34;Person34_10.jpg;;;;;;;;;;;;;;;;;;;legoBracelet;;;;;partyFavor;;;;;;;;;rubiksCube;;;;;;turtle;;;;
34;Person34_11.jpg;;;;;;;;;;;;;;;;;;;legoBracelet;;;;;;;;;;;redBow;;;;;;;;;;;;;
34;Person34_12.jpg;;;;;;;;;;;;;;;;;;;;;;;;;;;;;;;;;rubiksCube;;;;;;;;;;
34;Person34_13.jpg;;;;;;;;;;;;;;;;;;;;;;;;partyFavor;;;;;;;;;;;;;;;;;;;
34;Person34_14.jpg;;;;;;;;;;;;;;;;;;;;;;;;partyFavor;;;;;;;;;;;;;;;;;;;
34;Person34_15.jpg;;;;;;;;;;;;;;;;;;;;;;;;;;;;;;;;;;;;;;;;;;;
34;Person34_16.jpg;;;;;;;;;;;;;;;;;;;;;;;;;;;;;;;;;rubiksCube;;;;;;;;;;
34;Person34_17.jpg;;;;;;;;;;;;;;;;;;;legoBracelet;;;;;partyFavor;;;;;;;;;;;;;;;;;;;
34;Person34_18.jpg;;;;;;;;;;;;;;;;;;;;;;;;;;;;;;;;;;;;;;;turtle;;;;
34;Person34_19.jpg;;;;;;;;;;;;;;;;;;;;;;;;;;;;;;;;;rubiksCube;;;;;;;vancouverCards;;;
34;Person34_20.jpg;;;;;;;;;;;;;;;;;;;;;;;;;;;;;;;;;;;;;;;;;;;
34;Person34_21.jpg;;;;;;;;;;;;;;;;;;;legoBracelet;;;;;;;;;;;;;;rubiksCube;;;;;;;;;;
34;Person34_22.jpg;;;;;;;;;;;;;;;;;;;;;;;;;;;;;;redBow;;;;;;;;;turtle;;;;
34;Person34_23.jpg;;;;;;;;;;;;;;;;;;;;;;;;;;;;;;redBow;;;rubiksCube;;;;;;turtle;;;;
34;Person34_24.jpg;;;;;;;;;;;;;;;;;;;legoBracelet;;;;;;;;;;;;;;rubiksCube;;;;;;;;;;
34;Person34_25.jpg;;;;;;;;;;;;;;;;;;;;;;;;;;;;;;redBow;;;;;;;;;turtle;;;;
34;Person34_26.jpg;;;;;;;;;;;;;;;;;;;;;;;;;;;;;;;;;;;;;;;turtle;;;;
34;Person34_27.jpg;;;;;;;;;;;;;;;;;;;legoBracelet;;;;;;;;;;;;;;;;;;;;;;;;
34;Person34_28.jpg;;;;;;;;;;;;;;;;;;;;;;;;;;;;;;redBow;;;;;;;;;;;;;
34;Person34_29.jpg;;;;;;;;;;;;;;;;;;;;;;;;;;;;;;;;;;;;;;;turtle;;;;
34;Person34_30.jpg;;;;;;;;;;;;;;;;;;;;;;;;;;;;;;;;;rubiksCube;;;;;;;;;;
34;Person34_31.jpg;;;;;;;;;;;;;;;;;;;;;;;;;;;;;;;;;rubiksCube;;;;;;;;;;
34;Person34_32.jpg;;;;;;;;;;;;;;;;;;;;;;;;partyFavor;;;;;;;;;;;;;;;;vancouverCards;;;
34;Person34_33.jpg;;;;;;;;;;;;;;;;;;;legoBracelet;;;;;;;;;;;redBow;;;rubiksCube;;;;;;;vancouverCards;;;
34;Person34_34.jpg;;;;;;;;;;;;;;;;;;;legoBracelet;;;;;partyFavor;;;;;;;;;rubiksCube;;;;;;;;;;
34;Person34_35.jpg;;;;;;;;;;;;;;;;;;;;;;;;;;;;;;redBow;;;;;;;;;;;;;
34;Person34_36.jpg;;;;;;;;;;;;;;;;;;;;;;;;;;;;;;;;;rubiksCube;;;;;;;;;;
34;Person34_37.jpg;;;;;;;;;;;;;;;;;;;;;;;;;;;;;;;;;;;;;;;;;;;
34;Person34_38.jpg;;;;;;;;;;;;;;;;;;;;;;;;partyFavor;;;;;;;;;;;;;;;;;;;
34;Person34_39.jpg;;;;;;;;;;;;;;;;;;;;;;;;partyFavor;;;;;;;;;rubiksCube;;;;;;;;;;
34;Person34_40.jpg;;;;;;;;;;;;;;;;;;;;;;;;partyFavor;;;;;;;;;;;;;;;;;;;
34;Person34_41.jpg;;;;;;;;;;;;;;;;;;;;;;;;partyFavor;;;;;;;;;;;;;;;;;;;
34;Person34_42.jpg;;;;;;;;;;;;;;;;;;;;;;;;;;;;;;redBow;;;;;;spiderRing;;;;;;;
34;Person34_43.jpg;;;;;;;;;;;;;;;;;;;;;;;;;;;;;;;;;rubiksCube;;;;;;turtle;;;;
34;Person34_44.jpg;;;;;;;;;;;;;;;;;;;;;;;;;;;;;;;;;;;;;;;turtle;;;;
34;Person34_45.jpg;;;;;;;;;;;;;;;;;;;;;;;;;;;;;;;;;;;;spiderRing;;;;;;;
34;Person34_46.jpg;;;;;;;;;;;;;;;;;;;;;;;;;;;;;;;;;;;;spiderRing;;;;;;;
34;Person34_47.jpg;;;;;;;;;;;;;;;;;;;;;;;;;;;;;;;;;;;;;;;turtle;;;;
34;Person34_48.jpg;;;;;;;;;;;;;;;;;;;;;;;;;;;;;;;;;;;;spiderRing;;;turtle;;;;
34;Person34_49.jpg;;;;;;;;;;;;;;;;;;;;;;;;;;;;;;redBow;;;;;;spiderRing;;;turtle;;;;
34;Person34_50.jpg;;;;;;;;;;;;;;;;;;;legoBracelet;;;;;;;;;;;;;;;;;;;;;;;;
35;Person35_1.jpg;;;;;canadaPencil;;;cowbell;;;;;;;gyroscope;;;;;;;;;;;;;;;;;;;;;;;trophy;turtle;;;;
35;Person35_2.jpg;;;;;;;;;;;;;;;;;;;;;;;;;;;;;;;;;;;;;;trophy;;;;;
35;Person35_3.jpg;;;;;;;;;;;;;;;;;;;;;;;;;pinkCandle;;;;;;;;;;;;;;;;;;
35;Person35_4.jpg;;;;;;;;;;;;;;;;;;;;;;;;;;;;;;;;;;;;;;;turtle;;;;
35;Person35_5.jpg;;;;;;;;cowbell;;;;;;;;;;;;;;;;;;;;;;;;;;;;;;;;;;;
35;Person35_6.jpg;;;;;canadaPencil;;;cowbell;;;;;;;gyroscope;;;;;;;;;;;;;;;;;;;;;;;;;;;;
35;Person35_7.jpg;;;;;canadaPencil;;;;;;;;;;;;;;;;;;;;;;;;;;;;;;;;;;;;;;
35;Person35_8.jpg;;;;;canadaPencil;;;;;;;;;;;;;;;;;;;;pinkCandle;;;;;;;;;;;;;trophy;;;;;
35;Person35_9.jpg;;;;;;;;cowbell;;eyeball;;;;;gyroscope;;;;;;;;;;;;;;;;;;;;;;;;;;;;
35;Person35_10.jpg;;;;;;;;cowbell;;;;;;;;;;;;;;;;;;;;;;;;;;;;;;;;;;;
35;Person35_11.jpg;;;;;;;;;;eyeball;;;;;;;;;;;;;;;;;;;;;;;;;;;;;;;;;
35;Person35_12.jpg;;;;;;;;cowbell;;eyeball;;;;;;;;;;;;;;;;;;;;;;;;;;;;;;;;;
36;Person36_1.jpg;;;;;;;;;;;;;;;;;;;;;;;;;;;;;;;;;;;;;;;;;voiceRecorder;;
36;Person36_2.jpg;;;;;;;;;;;;;;;;;;;;;;;;;;;;;;;;;;;;;;;turtle;;;;
36;Person36_3.jpg;;;;;;;;;;;;;;;;;;;;;;;;;;;;;;;;;;;;;;;turtle;;;;
36;Person36_4.jpg;;;;;;;;;;;;;;;;hairClip;;;;;;;;;;;;;;;;;;;;;;;;;;;
36;Person36_5.jpg;;;;;;;;;;;;;;;;hairClip;;lavenderDie;;;;;;;;;;;;;;;;;;;;;;;;;
36;Person36_6.jpg;;;;;;;;;;;;;;;;;;;;;;;;;;;;;;;;;;sign;;;;;;;;;
36;Person36_7.jpg;;;;;;;;;;;;;;;;;;;;;;;;;;;;;;;;;;;silverStraw;;;;;;;;
36;Person36_8.jpg;;;;;;;;;;;;;;;;;;;;;;noisemaker;;;;;;;;;;;;;;;;;;;;;
37;Person37_1.jpg;;;;;;;;;;;;;;;;;;;;;;noisemaker;;;;;;;;;;;;;;;;;;;;;
37;Person37_2.jpg;;;;;;;;;;;;;;;gyroscope;;;;;;;;;;;;;;;;;;;;;;;;;;;;
37;Person37_3.jpg;;;;;;;;;;;;;;;gyroscope;;;;;;;;;;;;;;;;;;;;;;;;;;;;
37;Person37_4.jpg;;;;;;;;;;;;;;;;;;;;;;;paperPlate;;;;;;;;;;;;;;;;;;;;
37;Person37_5.jpg;;;;;;;cloudSign;;;;;;;;;;;;;;;;;;;;;;;;;;;;;;;;;;;;
37;Person37_6.jpg;;;;;;;;;;;;;;;;;;;;;;;;;;;;;;;redDart;;;;;;;;;;;;
37;Person37_7.jpg;;;;;;;;;;;;;;;;;;;;;;;;partyFavor;;;;;;;;;;;;;;;;;;;
37;Person37_8.jpg;;;;;;;;;;;;;;;;;hairRoller;;;;;;;;;;;;;;;;;;;;;;;;;;
37;Person37_9.jpg;;;;;;;cloudSign;;;;;;;;gyroscope;;hairRoller;;;;;noisemaker;paperPlate;partyFavor;;;;;;;redDart;;;;;;;;;;;;
37;Person37_10.jpg;;;;;;;cloudSign;;;;;;;;;;;;;;;;paperPlate;;;;;;;;;;;;;;;;;;;;
37;Person37_11.jpg;;;;;;;;;;;;;;;;;;;;;;noisemaker;;partyFavor;;;;;;;;;;;;;;;;;;;
37;Person37_12.jpg;;;;;;;;;;;;;;;gyroscope;;;;;;;;;;;;;;;;;;;;;;;;;;;;
37;Person37_13.jpg;;;;;;;cloudSign;;;;;;;;;;hairRoller;;;;;;paperPlate;;;;;;;;redDart;;;;;;;;;;;;
37;Person37_14.jpg;;;;;;;cloudSign;;;;;;;;gyroscope;;hairRoller;;;;;;paperPlate;;;;;;;;redDart;;;;;;;;;;;;
37;Person37_15.jpg;;;;;;;cloudSign;;;;;;;;gyroscope;;hairRoller;;;;;;paperPlate;;;;;;;;redDart;;;;;;;;;;;;
37;Person37_16.jpg;;;;;;;cloudSign;;;;;;;;;;;;;;;noisemaker;paperPlate;;;;;;;;;;;;;;;;;;;;
37;Person37_17.jpg;;;;;;;;;;;;;;;;;;;;;;noisemaker;;;;;;;;;;;;;;;;;;;;;
37;Person37_18.jpg;;;;;;;;;;;;;;;gyroscope;;;;;;;;;;;;;;;;;;;;;;;;;;;;
37;Person37_19.jpg;;;;;;;cloudSign;;;;;;;;;;;;;;;;;;;;;;;;;;;;;;;;;;;;
37;Person37_20.jpg;;;;;;;;;;;;;;;;;hairRoller;;;;;;paperPlate;;;;;;;;;;;;;;;;;;;;
37;Person37_21.jpg;;;;;;;;;;;;;;;;;;;;;;;;;;;;;;;redDart;;;;;;;;;;;;
37;Person37_22.jpg;;;;;;;cloudSign;;;;;;;;;;;;;;;noisemaker;;;;;;;;;;;;;;;;;;;;;
37;Person37_23.jpg;;;;;;;;;;;;;;;gyroscope;;;;;;;;;partyFavor;;;;;;;;;;;;;;;;;;;
37;Person37_24.jpg;;;;;;;;;;;;;;;;;hairRoller;;;;;;;;;;;;;;redDart;;;;;;;;;;;;
38;Person38_1.jpg;;;;;;;;;;;;;;;;;;;;;;;;;;;;;rainbowPens;;;;;;;;;;;;;;
38;Person38_2.jpg;;;;;;;;;;;;;;;;;;;;;;;;;;;;;rainbowPens;;;;;;;;;;;;;;
38;Person38_3.jpg;;;;;;;;;;;;;;;;;;;;;;;;;;;;;;;;;;;;;;;;;;yellowBag;
38;Person38_4.jpg;;;;;;;;;;;;;;;;;;;;;;;;;;;;;rainbowPens;;;;;;;;;;;;;yellowBag;
38;Person38_5.jpg;;;;;;;;;;;;;;;;;;;;;;;;;;;;;;;;redWhistle;;;;;;;;;;;
38;Person38_6.jpg;;;;;;;;;;;;;;;;;;;;;;;;;;;;;;;;redWhistle;;;;;;;;;;;
38;Person38_7.jpg;;;;;;;;;;;;;;;;;;;;;;;;;;;;;rainbowPens;;;redWhistle;;;;;;;;;;yellowBag;
38;Person38_8.jpg;;;;;;;;cowbell;;;;;;;;;;;;;;;;;;;;;;;;;;;;;;;;;;;
38;Person38_9.jpg;;;;;;;;cowbell;;;;;;;;;;;;;;;;;;;;;;;;;;;;;;;;;;;
38;Person38_10.jpg;;;;;;;;;;;;;;;;;;;;;;;;;;;;;;;;;rubiksCube;;;;;;;;;;
38;Person38_11.jpg;;;;;;;;;;;;;;;;;;;;;;;;;;;;;;;;;rubiksCube;;;;;;;;;;
38;Person38_12.jpg;;;;;;;;;;;;;;;;;;;;;;;;;;;;;;;;;rubiksCube;;;;;;;;;;
38;Person38_13.jpg;;;;;;;;;;;;;;;;;;;;;;;;;;;;;;;redDart;;;;;;;;;;;;
38;Person38_14.jpg;;;;;;;;;;;;;;;;;;;;;;;;;;;;;;;redDart;;;;;;;;;;;;
38;Person38_15.jpg;;;;;;;;cowbell;;;;;;;;;;;;;;;;;;;;;rainbowPens;;redDart;redWhistle;;;;;;;;;;yellowBag;
38;Person38_16.jpg;;;;;;;;cowbell;;;;;;;;;;;;;;;;;;;;;rainbowPens;;redDart;redWhistle;rubiksCube;;;;;;;;;yellowBag;
39;Person39_1.jpg;;;;;;;;;;;;;;;;;;;;;;;;;;;;;;;;;;;;;;;;vancouverCards;;;
39;Person39_2.jpg;;;;;;;;;;;;;;;;;;;;;;;;;;;;;;;;;;;;;;;;;voiceRecorder;;
39;Person39_3.jpg;;blueSunglasses;;;canadaPencil;;;;;;;;;;;;;;;;;;;;;;;;;;;;;;;;;;;;;;
39;Person39_4.jpg;;blueSunglasses;;;canadaPencil;;;;;;;;;;;;;;;;;;;;;;;;;;;;;;;;;;;;;;
39;Person39_5.jpg;;;;;;;;;;;;;;;;;;;legoBracelet;;;;;;;;;;;;;;;;;;;;;;;;
39;Person39_6.jpg;;;;;;;;;;;;;;;;;;;legoBracelet;;;;;;;;;;;;;;;;;;;;;;;;
39;Person39_7.jpg;;;;;;;;;;;;;;;;;;;legoBracelet;;;;;;;;;;;;;;;;;;;;;;;;
39;Person39_8.jpg;;;;;;;;;;;foamDart;;;;;;;;legoBracelet;;;;;;;;;;;;redDart;;;;;;;;;;;;
39;Person39_9.jpg;;;;;;;;;;;foamDart;;;;;;;;;;;;;;;;;;;;redDart;;;;;;;;;;;;
39;Person39_10.jpg;;;;;;;;;;;;;;;;;;;;;miniCards;;;;;;;;;;;;;;;;;;;;;;
39;Person39_11.jpg;;;;;canadaPencil;;;;;;;;;;;;;;;;miniCards;;;;;;;;;;;;;;;;;;;;;;
39;Person39_12.jpg;;;;;;;;;;;;;;;;;;;;;miniCards;;;;;;;;;;redDart;;;;;;;;;;;;
40;Person40_1.jpg;;;;;;;;;;;;;;;;;;;;;;;;;;;;;;;redDart;;;;;;;;;;;;
40;Person40_2.jpg;;;;;;;;;;;;;;;;;;;;;;;;;;;;;;;redDart;;;;;;;;;;;;
40;Person40_3.jpg;;;;;;;;;;eyeball;;;;;;;;;;;;;;;;;;;;;;;;;;;;;;;;;
40;Person40_4.jpg;;;;;;;;;;eyeball;;;;;;;;;;;;;;;;;;;;;;;;;;;;;;;;;
40;Person40_5.jpg;;;;;;;;;;;;;;glassBead;;hairClip;;;;;;;;;;;;;;;;;;;;;;;;;;;
40;Person40_6.jpg;;;;;;;;;;;;;;;;;;;;metalKey;;;;;;;;;;;;;;;;;;;;;;;
40;Person40_7.jpg;;;;;;;;;;;;;;;;;;;;;;;;;;pinkEraser;;;;;;;;;;;;;;;;;
40;Person40_8.jpg;;;;;;;;;;;;;;;;;;;;;;;;;;pinkEraser;;;;;;;;;;;;;;;;;
40;Person40_9.jpg;;;;;;;;;;;;;;;;;;;;;;;;;;pinkEraser;;;;;;;;;;;;;;;;;
40;Person40_10.jpg;;;;;;;;;;;;;;;;;;;;;;;;;;;;;;redBow;;;;;;;;;;;;;
