Person13;birdCall
Person13;birdCall
Person13;birdCall
Person13;birdCall
Person17;birdCall
Person18;birdCall
Person18;birdCall
Person2;blueSunglasses
Person2;blueSunglasses
Person2;blueSunglasses
Person2;blueSunglasses
Person2;blueSunglasses
Person2;blueSunglasses
Person2;blueSunglasses
Person2;blueSunglasses
Person2;blueSunglasses
Person7;blueSunglasses
Person7;blueSunglasses
Person7;blueSunglasses
Person7;blueSunglasses
Person9;blueSunglasses
Person9;blueSunglasses
Person9;blueSunglasses
Person9;blueSunglasses
Person9;blueSunglasses
Person9;blueSunglasses
Person9;blueSunglasses
Person9;blueSunglasses
Person9;blueSunglasses
Person9;blueSunglasses
Person13;blueSunglasses
Person13;blueSunglasses
Person13;blueSunglasses
Person13;blueSunglasses
Person17;blueSunglasses
Person17;blueSunglasses
Person17;blueSunglasses
Person17;blueSunglasses
Person22;blueSunglasses
Person22;blueSunglasses
Person22;blueSunglasses
Person31;blueSunglasses
Person31;blueSunglasses
Person31;blueSunglasses
Person31;blueSunglasses
Person39;blueSunglasses
Person39;blueSunglasses
Person2;brownDie
Person2;brownDie
Person2;brownDie
Person2;brownDie
Person2;brownDie
Person2;brownDie
Person2;brownDie
Person7;brownDie
Person7;brownDie
Person7;brownDie
Person7;brownDie
Person23;brownDie
Person23;brownDie
Person23;brownDie
Person23;brownDie
Person23;brownDie
Person23;brownDie
Person23;brownDie
Person23;brownDie
Person23;brownDie
Person23;brownDie
Person23;brownDie
Person23;brownDie
Person23;brownDie
Person23;brownDie
Person23;brownDie
Person23;brownDie
Person23;brownDie
Person33;brownDie
Person33;brownDie
Person33;brownDie
Person33;brownDie
Person33;brownDie
Person33;brownDie
Person33;brownDie
Person33;brownDie
Person33;brownDie
Person33;brownDie
Person33;brownDie
Person33;brownDie
Person7;cactusPaper
Person7;cactusPaper
Person8;cactusPaper
Person9;cactusPaper
Person9;cactusPaper
Person9;cactusPaper
Person9;cactusPaper
Person10;cactusPaper
Person10;cactusPaper
Person10;cactusPaper
Person10;cactusPaper
Person10;cactusPaper
Person10;cactusPaper
Person10;cactusPaper
Person10;cactusPaper
Person11;cactusPaper
Person11;cactusPaper
Person11;cactusPaper
Person11;cactusPaper
Person12;cactusPaper
Person12;cactusPaper
Person12;cactusPaper
Person12;cactusPaper
Person12;cactusPaper
Person4;canadaPencil
Person4;canadaPencil
Person4;canadaPencil
Person4;canadaPencil
Person4;canadaPencil
Person4;canadaPencil
Person4;canadaPencil
Person4;canadaPencil
Person7;canadaPencil
Person7;canadaPencil
Person7;canadaPencil
Person7;canadaPencil
Person22;canadaPencil
Person22;canadaPencil
Person35;canadaPencil
Person35;canadaPencil
Person35;canadaPencil
Person35;canadaPencil
Person39;canadaPencil
Person39;canadaPencil
Person39;canadaPencil
Person29;carabiner
Person30;carabiner
Person30;carabiner
Person30;carabiner
Person30;carabiner
Person30;carabiner
Person30;carabiner
Person8;cloudSign
Person20;cloudSign
Person20;cloudSign
Person20;cloudSign
Person20;cloudSign
Person32;cloudSign
Person32;cloudSign
Person32;cloudSign
Person32;cloudSign
Person32;cloudSign
Person32;cloudSign
Person32;cloudSign
Person32;cloudSign
Person37;cloudSign
Person37;cloudSign
Person37;cloudSign
Person37;cloudSign
Person37;cloudSign
Person37;cloudSign
Person37;cloudSign
Person37;cloudSign
Person37;cloudSign
Person3;cowbell
Person3;cowbell
Person3;cowbell
Person22;cowbell
Person35;cowbell
Person35;cowbell
Person35;cowbell
Person35;cowbell
Person35;cowbell
Person35;cowbell
Person38;cowbell
Person38;cowbell
Person38;cowbell
Person38;cowbell
Person4;cupcakePaper
Person4;cupcakePaper
Person4;cupcakePaper
Person4;cupcakePaper
Person11;cupcakePaper
Person11;cupcakePaper
Person11;cupcakePaper
Person13;cupcakePaper
Person13;cupcakePaper
Person13;cupcakePaper
Person13;cupcakePaper
Person13;cupcakePaper
Person23;cupcakePaper
Person23;cupcakePaper
Person23;cupcakePaper
Person23;cupcakePaper
Person23;cupcakePaper
Person23;cupcakePaper
Person23;cupcakePaper
Person23;cupcakePaper
Person23;cupcakePaper
Person23;cupcakePaper
Person23;cupcakePaper
Person23;cupcakePaper
Person23;cupcakePaper
Person31;cupcakePaper
Person31;cupcakePaper
Person31;cupcakePaper
Person4;eyeball
Person5;eyeball
Person5;eyeball
Person5;eyeball
Person5;eyeball
Person5;eyeball
Person5;eyeball
Person5;eyeball
Person5;eyeball
Person5;eyeball
Person5;eyeball
Person5;eyeball
Person5;eyeball
Person5;eyeball
Person5;eyeball
Person5;eyeball
Person5;eyeball
Person5;eyeball
Person5;eyeball
Person5;eyeball
Person11;eyeball
Person11;eyeball
Person11;eyeball
Person11;eyeball
Person19;eyeball
Person19;eyeball
Person20;eyeball
Person20;eyeball
Person30;eyeball
Person30;eyeball
Person30;eyeball
Person30;eyeball
Person30;eyeball
Person30;eyeball
Person30;eyeball
Person35;eyeball
Person35;eyeball
Person35;eyeball
Person40;eyeball
Person40;eyeball
Person4;foamDart
Person6;foamDart
Person6;foamDart
Person6;foamDart
Person6;foamDart
Person6;foamDart
Person11;foamDart
Person11;foamDart
Person11;foamDart
Person11;foamDart
Person11;foamDart
Person11;foamDart
Person20;foamDart
Person20;foamDart
Person20;foamDart
Person20;foamDart
Person20;foamDart
Person22;foamDart
Person22;foamDart
Person22;foamDart
Person22;foamDart
Person33;foamDart
Person33;foamDart
Person33;foamDart
Person33;foamDart
Person33;foamDart
Person33;foamDart
Person33;foamDart
Person33;foamDart
Person33;foamDart
Person33;foamDart
Person33;foamDart
Person33;foamDart
Person33;foamDart
Person33;foamDart
Person33;foamDart
Person33;foamDart
Person39;foamDart
Person39;foamDart
Person19;gClamp
Person19;gClamp
Person19;gClamp
Person19;gClamp
Person19;gClamp
Person19;gClamp
Person20;gClamp
Person20;gClamp
Person20;gClamp
Person20;gClamp
Person21;gClamp
Person21;gClamp
Person22;gClamp
Person22;gClamp
Person22;gClamp
Person23;gClamp
Person23;gClamp
Person23;gClamp
Person23;gClamp
Person23;gClamp
Person23;gClamp
Person23;gClamp
Person23;gClamp
Person23;gClamp
Person23;gClamp
Person23;gClamp
Person23;gClamp
Person23;gClamp
Person23;gClamp
Person23;gClamp
Person24;gClamp
Person24;gClamp
Person3;giftBag
Person3;giftBag
Person3;giftBag
Person11;giftBag
Person11;giftBag
Person11;giftBag
Person18;giftBag
Person18;giftBag
Person22;giftBag
Person22;giftBag
Person30;giftBag
Person30;giftBag
Person30;giftBag
Person33;giftBag
Person33;giftBag
Person33;giftBag
Person33;giftBag
Person33;giftBag
Person33;giftBag
Person33;giftBag
Person33;giftBag
Person33;giftBag
Person33;giftBag
Person33;giftBag
Person33;giftBag
Person33;giftBag
Person33;giftBag
Person3;glassBead
Person3;glassBead
Person3;glassBead
Person3;glassBead
Person3;glassBead
Person3;glassBead
Person3;glassBead
Person17;glassBead
Person17;glassBead
Person17;glassBead
Person17;glassBead
Person17;glassBead
Person17;glassBead
Person17;glassBead
Person17;glassBead
Person17;glassBead
Person17;glassBead
Person17;glassBead
Person17;glassBead
Person17;glassBead
Person17;glassBead
Person17;glassBead
Person19;glassBead
Person19;glassBead
Person19;glassBead
Person19;glassBead
Person29;glassBead
Person29;glassBead
Person30;glassBead
Person31;glassBead
Person40;glassBead
Person19;gyroscope
Person19;gyroscope
Person35;gyroscope
Person35;gyroscope
Person35;gyroscope
Person37;gyroscope
Person37;gyroscope
Person37;gyroscope
Person37;gyroscope
Person37;gyroscope
Person37;gyroscope
Person37;gyroscope
Person37;gyroscope
Person4;hairClip
Person4;hairClip
Person4;hairClip
Person11;hairClip
Person12;hairClip
Person12;hairClip
Person12;hairClip
Person12;hairClip
Person12;hairClip
Person12;hairClip
Person20;hairClip
Person20;hairClip
Person20;hairClip
Person20;hairClip
Person36;hairClip
Person36;hairClip
Person40;hairClip
Person9;hairRoller
Person9;hairRoller
Person9;hairRoller
Person9;hairRoller
Person9;hairRoller
Person9;hairRoller
Person9;hairRoller
Person19;hairRoller
Person19;hairRoller
Person19;hairRoller
Person33;hairRoller
Person33;hairRoller
Person33;hairRoller
Person33;hairRoller
Person33;hairRoller
Person33;hairRoller
Person33;hairRoller
Person37;hairRoller
Person37;hairRoller
Person37;hairRoller
Person37;hairRoller
Person37;hairRoller
Person37;hairRoller
Person37;hairRoller
Person2;lavenderDie
Person2;lavenderDie
Person2;lavenderDie
Person2;lavenderDie
Person2;lavenderDie
Person2;lavenderDie
Person2;lavenderDie
Person4;lavenderDie
Person6;lavenderDie
Person6;lavenderDie
Person6;lavenderDie
Person6;lavenderDie
Person6;lavenderDie
Person10;lavenderDie
Person10;lavenderDie
Person10;lavenderDie
Person10;lavenderDie
Person10;lavenderDie
Person10;lavenderDie
Person10;lavenderDie
Person10;lavenderDie
Person18;lavenderDie
Person18;lavenderDie
Person18;lavenderDie
Person21;lavenderDie
Person21;lavenderDie
Person29;lavenderDie
Person29;lavenderDie
Person30;lavenderDie
Person36;lavenderDie
Person5;legoBracelet
Person5;legoBracelet
Person5;legoBracelet
Person5;legoBracelet
Person5;legoBracelet
Person5;legoBracelet
Person5;legoBracelet
Person5;legoBracelet
Person5;legoBracelet
Person5;legoBracelet
Person5;legoBracelet
Person5;legoBracelet
Person5;legoBracelet
Person5;legoBracelet
Person12;legoBracelet
Person12;legoBracelet
Person12;legoBracelet
Person12;legoBracelet
Person12;legoBracelet
Person13;legoBracelet
Person13;legoBracelet
Person13;legoBracelet
Person13;legoBracelet
Person34;legoBracelet
Person34;legoBracelet
Person34;legoBracelet
Person34;legoBracelet
Person34;legoBracelet
Person34;legoBracelet
Person34;legoBracelet
Person34;legoBracelet
Person34;legoBracelet
Person34;legoBracelet
Person34;legoBracelet
Person39;legoBracelet
Person39;legoBracelet
Person39;legoBracelet
Person39;legoBracelet
Person2;metalKey
Person2;metalKey
Person2;metalKey
Person2;metalKey
Person2;metalKey
Person2;metalKey
Person2;metalKey
Person8;metalKey
Person9;metalKey
Person9;metalKey
Person18;metalKey
Person18;metalKey
Person20;metalKey
Person20;metalKey
Person20;metalKey
Person20;metalKey
Person20;metalKey
Person23;metalKey
Person30;metalKey
Person30;metalKey
Person30;metalKey
Person30;metalKey
Person30;metalKey
Person30;metalKey
Person30;metalKey
Person30;metalKey
Person30;metalKey
Person30;metalKey
Person30;metalKey
Person30;metalKey
Person30;metalKey
Person32;metalKey
Person32;metalKey
Person32;metalKey
Person32;metalKey
Person32;metalKey
Person32;metalKey
Person32;metalKey
Person32;metalKey
Person32;metalKey
Person40;metalKey
Person1;miniCards
Person4;miniCards
Person4;miniCards
Person4;miniCards
Person4;miniCards
Person4;miniCards
Person6;miniCards
Person10;miniCards
Person10;miniCards
Person10;miniCards
Person10;miniCards
Person10;miniCards
Person13;miniCards
Person13;miniCards
Person13;miniCards
Person13;miniCards
Person24;miniCards
Person24;miniCards
Person24;miniCards
Person24;miniCards
Person32;miniCards
Person32;miniCards
Person32;miniCards
Person32;miniCards
Person32;miniCards
Person32;miniCards
Person32;miniCards
Person32;miniCards
Person32;miniCards
Person39;miniCards
Person39;miniCards
Person39;miniCards
Person1;noisemaker
Person2;noisemaker
Person2;noisemaker
Person2;noisemaker
Person2;noisemaker
Person2;noisemaker
Person2;noisemaker
Person2;noisemaker
Person11;noisemaker
Person11;noisemaker
Person12;noisemaker
Person12;noisemaker
Person12;noisemaker
Person12;noisemaker
Person12;noisemaker
Person12;noisemaker
Person20;noisemaker
Person20;noisemaker
Person20;noisemaker
Person20;noisemaker
Person36;noisemaker
Person37;noisemaker
Person37;noisemaker
Person37;noisemaker
Person37;noisemaker
Person37;noisemaker
Person37;noisemaker
Person7;paperPlate
Person7;paperPlate
Person13;paperPlate
Person13;paperPlate
Person13;paperPlate
Person19;paperPlate
Person19;paperPlate
Person31;paperPlate
Person31;paperPlate
Person31;paperPlate
Person31;paperPlate
Person37;paperPlate
Person37;paperPlate
Person37;paperPlate
Person37;paperPlate
Person37;paperPlate
Person37;paperPlate
Person37;paperPlate
Person37;paperPlate
Person10;partyFavor
Person10;partyFavor
Person10;partyFavor
Person10;partyFavor
Person13;partyFavor
Person13;partyFavor
Person13;partyFavor
Person13;partyFavor
Person20;partyFavor
Person20;partyFavor
Person20;partyFavor
Person20;partyFavor
Person20;partyFavor
Person20;partyFavor
Person34;partyFavor
Person34;partyFavor
Person34;partyFavor
Person34;partyFavor
Person34;partyFavor
Person34;partyFavor
Person34;partyFavor
Person34;partyFavor
Person34;partyFavor
Person34;partyFavor
Person34;partyFavor
Person37;partyFavor
Person37;partyFavor
Person37;partyFavor
Person37;partyFavor
Person6;pinkCandle
Person6;pinkCandle
Person6;pinkCandle
Person6;pinkCandle
Person6;pinkCandle
Person6;pinkCandle
Person6;pinkCandle
Person6;pinkCandle
Person6;pinkCandle
Person9;pinkCandle
Person9;pinkCandle
Person9;pinkCandle
Person23;pinkCandle
Person23;pinkCandle
Person23;pinkCandle
Person23;pinkCandle
Person23;pinkCandle
Person23;pinkCandle
Person23;pinkCandle
Person23;pinkCandle
Person23;pinkCandle
Person23;pinkCandle
Person23;pinkCandle
Person23;pinkCandle
Person35;pinkCandle
Person35;pinkCandle
Person1;pinkEraser
Person5;pinkEraser
Person5;pinkEraser
Person5;pinkEraser
Person5;pinkEraser
Person5;pinkEraser
Person5;pinkEraser
Person5;pinkEraser
Person5;pinkEraser
Person5;pinkEraser
Person5;pinkEraser
Person5;pinkEraser
Person5;pinkEraser
Person5;pinkEraser
Person9;pinkEraser
Person9;pinkEraser
Person18;pinkEraser
Person18;pinkEraser
Person19;pinkEraser
Person19;pinkEraser
Person19;pinkEraser
Person19;pinkEraser
Person19;pinkEraser
Person33;pinkEraser
Person40;pinkEraser
Person40;pinkEraser
Person40;pinkEraser
Person4;plaidPencil
Person4;plaidPencil
Person4;plaidPencil
Person4;plaidPencil
Person4;plaidPencil
Person4;plaidPencil
Person10;plaidPencil
Person10;plaidPencil
Person10;plaidPencil
Person10;plaidPencil
Person10;plaidPencil
Person10;plaidPencil
Person10;plaidPencil
Person10;plaidPencil
Person10;plaidPencil
Person10;plaidPencil
Person29;plaidPencil
Person29;plaidPencil
Person32;plaidPencil
Person32;plaidPencil
Person32;plaidPencil
Person32;plaidPencil
Person32;plaidPencil
Person32;plaidPencil
Person32;plaidPencil
Person3;pumpkinNotes
Person3;pumpkinNotes
Person3;pumpkinNotes
Person3;pumpkinNotes
Person3;pumpkinNotes
Person3;pumpkinNotes
Person3;pumpkinNotes
Person12;pumpkinNotes
Person12;pumpkinNotes
Person12;pumpkinNotes
Person12;pumpkinNotes
Person12;pumpkinNotes
Person21;pumpkinNotes
Person21;pumpkinNotes
Person32;pumpkinNotes
Person32;pumpkinNotes
Person32;pumpkinNotes
Person32;pumpkinNotes
Person32;pumpkinNotes
Person32;pumpkinNotes
Person32;pumpkinNotes
Person32;pumpkinNotes
Person32;pumpkinNotes
Person32;pumpkinNotes
Person1;rainbowPens
Person3;rainbowPens
Person3;rainbowPens
Person3;rainbowPens
Person3;rainbowPens
Person3;rainbowPens
Person3;rainbowPens
Person3;rainbowPens
Person3;rainbowPens
Person3;rainbowPens
Person3;rainbowPens
Person3;rainbowPens
Person11;rainbowPens
Person11;rainbowPens
Person11;rainbowPens
Person11;rainbowPens
Person11;rainbowPens
Person11;rainbowPens
Person11;rainbowPens
Person17;rainbowPens
Person17;rainbowPens
Person17;rainbowPens
Person17;rainbowPens
Person17;rainbowPens
Person17;rainbowPens
Person17;rainbowPens
Person17;rainbowPens
Person17;rainbowPens
Person17;rainbowPens
Person17;rainbowPens
Person17;rainbowPens
Person17;rainbowPens
Person17;rainbowPens
Person17;rainbowPens
Person17;rainbowPens
Person17;rainbowPens
Person17;rainbowPens
Person17;rainbowPens
Person17;rainbowPens
Person17;rainbowPens
Person17;rainbowPens
Person17;rainbowPens
Person17;rainbowPens
Person17;rainbowPens
Person23;rainbowPens
Person23;rainbowPens
Person23;rainbowPens
Person23;rainbowPens
Person23;rainbowPens
Person23;rainbowPens
Person23;rainbowPens
Person23;rainbowPens
Person23;rainbowPens
Person23;rainbowPens
Person23;rainbowPens
Person23;rainbowPens
Person23;rainbowPens
Person23;rainbowPens
Person23;rainbowPens
Person23;rainbowPens
Person23;rainbowPens
Person30;rainbowPens
Person30;rainbowPens
Person30;rainbowPens
Person30;rainbowPens
Person30;rainbowPens
Person30;rainbowPens
Person30;rainbowPens
Person30;rainbowPens
Person30;rainbowPens
Person30;rainbowPens
Person30;rainbowPens
Person30;rainbowPens
Person30;rainbowPens
Person30;rainbowPens
Person30;rainbowPens
Person30;rainbowPens
Person31;rainbowPens
Person31;rainbowPens
Person31;rainbowPens
Person38;rainbowPens
Person38;rainbowPens
Person38;rainbowPens
Person38;rainbowPens
Person38;rainbowPens
Person38;rainbowPens
Person6;redBow
Person6;redBow
Person6;redBow
Person17;redBow
Person17;redBow
Person17;redBow
Person17;redBow
Person17;redBow
Person17;redBow
Person20;redBow
Person20;redBow
Person20;redBow
Person20;redBow
Person20;redBow
Person29;redBow
Person34;redBow
Person34;redBow
Person34;redBow
Person34;redBow
Person34;redBow
Person34;redBow
Person34;redBow
Person34;redBow
Person34;redBow
Person34;redBow
Person34;redBow
Person40;redBow
Person37;redDart
Person37;redDart
Person37;redDart
Person37;redDart
Person37;redDart
Person37;redDart
Person37;redDart
Person38;redDart
Person38;redDart
Person38;redDart
Person38;redDart
Person39;redDart
Person39;redDart
Person39;redDart
Person40;redDart
Person40;redDart
Person5;redWhistle
Person5;redWhistle
Person5;redWhistle
Person5;redWhistle
Person5;redWhistle
Person5;redWhistle
Person5;redWhistle
Person5;redWhistle
Person7;redWhistle
Person7;redWhistle
Person7;redWhistle
Person7;redWhistle
Person18;redWhistle
Person18;redWhistle
Person23;redWhistle
Person23;redWhistle
Person23;redWhistle
Person23;redWhistle
Person23;redWhistle
Person23;redWhistle
Person23;redWhistle
Person23;redWhistle
Person23;redWhistle
Person23;redWhistle
Person23;redWhistle
Person23;redWhistle
Person23;redWhistle
Person23;redWhistle
Person23;redWhistle
Person23;redWhistle
Person23;redWhistle
Person29;redWhistle
Person29;redWhistle
Person33;redWhistle
Person33;redWhistle
Person33;redWhistle
Person33;redWhistle
Person33;redWhistle
Person33;redWhistle
Person33;redWhistle
Person33;redWhistle
Person33;redWhistle
Person33;redWhistle
Person38;redWhistle
Person38;redWhistle
Person38;redWhistle
Person38;redWhistle
Person38;redWhistle
Person4;rubiksCube
Person4;rubiksCube
Person4;rubiksCube
Person4;rubiksCube
Person6;rubiksCube
Person8;rubiksCube
Person17;rubiksCube
Person17;rubiksCube
Person17;rubiksCube
Person17;rubiksCube
Person17;rubiksCube
Person17;rubiksCube
Person17;rubiksCube
Person17;rubiksCube
Person17;rubiksCube
Person17;rubiksCube
Person17;rubiksCube
Person17;rubiksCube
Person17;rubiksCube
Person17;rubiksCube
Person17;rubiksCube
Person17;rubiksCube
Person17;rubiksCube
Person21;rubiksCube
Person21;rubiksCube
Person30;rubiksCube
Person30;rubiksCube
Person30;rubiksCube
Person30;rubiksCube
Person30;rubiksCube
Person30;rubiksCube
Person30;rubiksCube
Person30;rubiksCube
Person30;rubiksCube
Person30;rubiksCube
Person34;rubiksCube
Person34;rubiksCube
Person34;rubiksCube
Person34;rubiksCube
Person34;rubiksCube
Person34;rubiksCube
Person34;rubiksCube
Person34;rubiksCube
Person34;rubiksCube
Person34;rubiksCube
Person34;rubiksCube
Person34;rubiksCube
Person34;rubiksCube
Person34;rubiksCube
Person34;rubiksCube
Person34;rubiksCube
Person38;rubiksCube
Person38;rubiksCube
Person38;rubiksCube
Person38;rubiksCube
Person5;sign
Person5;sign
Person5;sign
Person5;sign
Person5;sign
Person5;sign
Person5;sign
Person5;sign
Person10;sign
Person10;sign
Person17;sign
Person21;sign
Person21;sign
Person36;sign
Person6;silverStraw
Person18;silverStraw
Person18;silverStraw
Person30;silverStraw
Person30;silverStraw
Person30;silverStraw
Person30;silverStraw
Person30;silverStraw
Person30;silverStraw
Person30;silverStraw
Person30;silverStraw
Person30;silverStraw
Person30;silverStraw
Person36;silverStraw
Person2;spiderRing
Person2;spiderRing
Person2;spiderRing
Person2;spiderRing
Person2;spiderRing
Person2;spiderRing
Person2;spiderRing
Person34;spiderRing
Person34;spiderRing
Person34;spiderRing
Person34;spiderRing
Person34;spiderRing
Person34;spiderRing
Person34;spiderRing
Person34;spiderRing
Person5;stickerBox
Person5;stickerBox
Person5;stickerBox
Person5;stickerBox
Person5;stickerBox
Person5;stickerBox
Person5;stickerBox
Person5;stickerBox
Person5;stickerBox
Person5;stickerBox
Person5;stickerBox
Person9;stickerBox
Person17;stickerBox
Person17;stickerBox
Person17;stickerBox
Person17;stickerBox
Person17;stickerBox
Person17;stickerBox
Person17;stickerBox
Person17;stickerBox
Person17;stickerBox
Person22;stickerBox
Person22;stickerBox
Person31;stickerBox
Person31;stickerBox
Person31;stickerBox
Person31;stickerBox
Person1;trophy
Person1;trophy
Person7;trophy
Person7;trophy
Person7;trophy
Person7;trophy
Person7;trophy
Person22;trophy
Person22;trophy
Person22;trophy
Person29;trophy
Person29;trophy
Person29;trophy
Person29;trophy
Person35;trophy
Person35;trophy
Person35;trophy
Person31;turtle
Person31;turtle
Person31;turtle
Person31;turtle
Person32;turtle
Person32;turtle
Person32;turtle
Person32;turtle
Person32;turtle
Person32;turtle
Person32;turtle
Person32;turtle
Person33;turtle
Person33;turtle
Person33;turtle
Person33;turtle
Person33;turtle
Person33;turtle
Person33;turtle
Person33;turtle
Person33;turtle
Person33;turtle
Person33;turtle
Person33;turtle
Person33;turtle
Person33;turtle
Person33;turtle
Person33;turtle
Person33;turtle
Person33;turtle
Person33;turtle
Person33;turtle
Person33;turtle
Person33;turtle
Person33;turtle
Person33;turtle
Person33;turtle
Person33;turtle
Person33;turtle
Person33;turtle
Person34;turtle
Person34;turtle
Person34;turtle
Person34;turtle
Person34;turtle
Person34;turtle
Person34;turtle
Person34;turtle
Person34;turtle
Person34;turtle
Person34;turtle
Person34;turtle
Person34;turtle
Person34;turtle
Person35;turtle
Person35;turtle
Person36;turtle
Person36;turtle
Person1;vancouverCards
Person8;vancouverCards
Person34;vancouverCards
Person34;vancouverCards
Person34;vancouverCards
Person39;vancouverCards
Person8;voiceRecorder
Person10;voiceRecorder
Person10;voiceRecorder
Person10;voiceRecorder
Person36;voiceRecorder
Person39;voiceRecorder
Person6;yellowBag
Person6;yellowBag
Person6;yellowBag
Person6;yellowBag
Person12;yellowBag
Person12;yellowBag
Person12;yellowBag
Person12;yellowBag
Person12;yellowBag
Person21;yellowBag
Person21;yellowBag
Person32;yellowBag
Person38;yellowBag
Person38;yellowBag
Person38;yellowBag
Person38;yellowBag
Person38;yellowBag
Person1;yellowBalloon
Person1;yellowBalloon
Person2;yellowBalloon
Person2;yellowBalloon
Person2;yellowBalloon
Person2;yellowBalloon
Person3;yellowBalloon
Person3;yellowBalloon
Person3;yellowBalloon
Person3;yellowBalloon
Person3;yellowBalloon
Person3;yellowBalloon
Person3;yellowBalloon
Person3;yellowBalloon
Person3;yellowBalloon
Person4;yellowBalloon
Person4;yellowBalloon
Person4;yellowBalloon
Person4;yellowBalloon
Person5;yellowBalloon
Person5;yellowBalloon
Person5;yellowBalloon
Person5;yellowBalloon
Person6;yellowBalloon
Person6;yellowBalloon
Person6;yellowBalloon
Person6;yellowBalloon
